2025-06-02 01:30:42,510 | ERROR | MT5: Echec du login. Vérifiez les identifiants.
2025-06-02 01:30:42,569 | WARNING | MT5: Impossible de récupérer les positions ouvertes.
2025-06-02 01:30:42,640 | INFO | Connecting to 149.154.167.51:443/TcpFull...
2025-06-02 01:30:44,409 | INFO | Connection to 149.154.167.51:443/TcpFull complete!
2025-06-02 01:30:52,735 | WARNING | MT5: Impossible de récupérer les positions ouvertes.
2025-06-02 01:31:02,737 | WARNING | MT5: Impossible de récupérer les positions ouvertes.
2025-06-02 01:31:13,344 | WARNING | MT5: Impossible de récupérer les positions ouvertes.
2025-06-02 01:31:23,346 | WARNING | MT5: Impossible de récupérer les positions ouvertes.
2025-06-02 01:31:33,348 | WARNING | MT5: Impossible de récupérer les positions ouvertes.
2025-06-02 01:31:43,350 | WARNING | MT5: Impossible de récupérer les positions ouvertes.
2025-06-02 01:31:53,352 | WARNING | MT5: Impossible de récupérer les positions ouvertes.
2025-06-02 01:32:03,353 | WARNING | MT5: Impossible de récupérer les positions ouvertes.
2025-06-02 01:32:12,793 | WARNING | MT5: Impossible de récupérer l'historique des ordres.
2025-06-02 01:44:47,579 | ERROR | MT5: Echec de l'initialisation. MT5 est-il bien lancé ?
2025-06-02 01:44:47,580 | WARNING | MT5: Impossible de récupérer les positions ouvertes.
2025-06-02 01:44:47,585 | INFO | Connecting to 149.154.167.51:443/TcpFull...
2025-06-02 01:44:47,597 | INFO | Connection to 149.154.167.51:443/TcpFull complete!
2025-06-02 01:44:57,583 | WARNING | MT5: Impossible de récupérer les positions ouvertes.
2025-06-02 01:45:07,585 | WARNING | MT5: Impossible de récupérer les positions ouvertes.
2025-06-02 01:45:17,703 | WARNING | MT5: Impossible de récupérer les positions ouvertes.
2025-06-02 01:45:27,765 | WARNING | MT5: Impossible de récupérer les positions ouvertes.
2025-06-02 01:45:37,800 | WARNING | MT5: Impossible de récupérer les positions ouvertes.
2025-06-02 01:45:47,828 | WARNING | MT5: Impossible de récupérer les positions ouvertes.
2025-06-02 01:45:49,813 | WARNING | MT5: Impossible de récupérer l'historique des ordres.
2025-06-02 01:47:07,333 | ERROR | MT5: Echec de l'initialisation. MT5 est-il bien lancé ?
2025-06-02 01:47:07,333 | WARNING | MT5: Impossible de récupérer les positions ouvertes.
2025-06-02 01:47:07,333 | INFO | Connecting to 149.154.167.51:443/TcpFull...
2025-06-02 01:47:07,333 | INFO | Connection to 149.154.167.51:443/TcpFull complete!
2025-06-02 01:47:17,336 | WARNING | MT5: Impossible de récupérer les positions ouvertes.
2025-06-02 01:47:27,340 | WARNING | MT5: Impossible de récupérer les positions ouvertes.
2025-06-02 01:47:37,347 | WARNING | MT5: Impossible de récupérer les positions ouvertes.
2025-06-02 01:47:47,349 | WARNING | MT5: Impossible de récupérer les positions ouvertes.
2025-06-02 01:47:57,367 | WARNING | MT5: Impossible de récupérer les positions ouvertes.
2025-06-02 01:48:07,369 | WARNING | MT5: Impossible de récupérer les positions ouvertes.
2025-06-02 01:48:09,431 | WARNING | MT5: Impossible de récupérer l'historique des ordres.
2025-06-02 01:49:26,878 | ERROR | MT5: Echec de l'initialisation. MT5 est-il bien lancé ?
2025-06-02 01:49:26,880 | WARNING | MT5: Impossible de récupérer les positions ouvertes.
2025-06-02 01:49:26,880 | INFO | Connecting to 149.154.167.51:443/TcpFull...
2025-06-02 01:49:26,880 | INFO | Connection to 149.154.167.51:443/TcpFull complete!
2025-06-02 01:49:36,926 | WARNING | MT5: Impossible de récupérer les positions ouvertes.
2025-06-02 01:49:44,570 | WARNING | MT5: Impossible de récupérer l'historique des ordres.
2025-06-02 01:49:48,755 | INFO | MT5: Connexion réussie sur MetaQuotes-Demo avec l'utilisateur 10006427957
2025-06-02 01:49:48,755 | INFO | Connecting to 149.154.167.51:443/TcpFull...
2025-06-02 01:49:48,777 | INFO | Connection to 149.154.167.51:443/TcpFull complete!
2025-06-02 01:52:11,786 | INFO | MT5: Connexion réussie sur MetaQuotes-Demo avec l'utilisateur 10006427957
2025-06-02 01:52:11,786 | INFO | Connecting to 149.154.167.51:443/TcpFull...
2025-06-02 01:52:14,007 | INFO | Connection to 149.154.167.51:443/TcpFull complete!
2025-06-02 01:52:36,594 | INFO | Phone migrated to 4
2025-06-02 01:52:36,619 | INFO | Reconnecting to new data center 4
2025-06-02 01:52:36,655 | INFO | Disconnecting from 149.154.167.51:443/TcpFull...
2025-06-02 01:52:36,660 | INFO | Disconnection from 149.154.167.51:443/TcpFull complete!
2025-06-02 01:52:36,668 | INFO | Connecting to 149.154.167.92:443/TcpFull...
2025-06-02 01:52:38,177 | INFO | Connection to 149.154.167.92:443/TcpFull complete!
2025-06-02 01:52:44,689 | INFO | Connecté à Telegram.
2025-06-02 02:12:21,445 | INFO | Disconnecting from 149.154.167.92:443/TcpFull...
2025-06-02 02:12:21,500 | INFO | Disconnection from 149.154.167.92:443/TcpFull complete!
2025-06-02 02:12:27,755 | INFO | MT5: Connexion réussie sur MetaQuotes-Demo avec l'utilisateur 10006427957
2025-06-02 02:12:27,779 | INFO | Connecting to 149.154.167.92:443/TcpFull...
2025-06-02 02:12:27,790 | INFO | Connection to 149.154.167.92:443/TcpFull complete!
2025-06-02 02:12:28,086 | INFO | Connecté à Telegram.
2025-06-02 02:42:26,400 | INFO | Disconnecting from 149.154.167.92:443/TcpFull...
2025-06-02 02:42:26,409 | INFO | Disconnection from 149.154.167.92:443/TcpFull complete!
2025-06-02 02:42:26,411 | INFO | Not disconnecting (already have no connection)
2025-06-02 02:42:32,666 | INFO | MT5: Connexion réussie sur MetaQuotes-Demo avec l'utilisateur 10006427957
2025-06-02 02:42:32,682 | INFO | Connecting to 149.154.167.92:443/TcpFull...
2025-06-02 02:42:32,692 | INFO | Connection to 149.154.167.92:443/TcpFull complete!
2025-06-02 02:42:32,806 | INFO | Connecté à Telegram.
2025-06-02 02:52:16,194 | INFO | MT5: Connexion réussie sur MetaQuotes-Demo avec l'utilisateur 10006427957
2025-06-02 02:52:16,194 | INFO | Connecting to 149.154.167.92:443/TcpFull...
2025-06-02 02:52:16,218 | INFO | Connection to 149.154.167.92:443/TcpFull complete!
2025-06-02 02:52:16,399 | INFO | Connecté à Telegram.
2025-06-02 02:57:51,743 | WARNING | Server closed the connection: [WinError 121] The semaphore timeout period has expired
2025-06-02 02:57:51,744 | INFO | Connection closed while receiving data: [WinError 121] The semaphore timeout period has expired
2025-06-02 02:57:51,744 | INFO | Closing current connection to begin reconnect...
2025-06-02 02:57:51,745 | INFO | <class 'OSError'> during disconnect: [WinError 121] The semaphore timeout period has expired
2025-06-02 02:57:51,745 | INFO | Connecting to 149.154.167.92:443/TcpFull...
2025-06-02 02:57:51,756 | INFO | Connection to 149.154.167.92:443/TcpFull complete!
2025-06-02 03:07:35,331 | WARNING | Server closed the connection: [WinError 121] The semaphore timeout period has expired
2025-06-02 03:07:35,337 | INFO | Connection closed while receiving data: [WinError 121] The semaphore timeout period has expired
2025-06-02 03:07:35,337 | INFO | Closing current connection to begin reconnect...
2025-06-02 03:07:35,338 | INFO | <class 'OSError'> during disconnect: [WinError 121] The semaphore timeout period has expired
2025-06-02 03:07:35,339 | INFO | Connecting to 149.154.167.92:443/TcpFull...
2025-06-02 03:07:35,350 | INFO | Connection to 149.154.167.92:443/TcpFull complete!
2025-06-02 03:07:40,672 | WARNING | Error executing high-level request after reconnect: <class 'sqlite3.OperationalError'>: database is locked
2025-06-02 03:10:45,615 | INFO | Disconnecting from 149.154.167.92:443/TcpFull...
2025-06-02 03:10:45,615 | INFO | Disconnecting from 149.154.167.92:443/TcpFull...
2025-06-02 03:10:45,615 | INFO | Disconnection from 149.154.167.92:443/TcpFull complete!
2025-06-02 03:10:45,615 | INFO | Disconnection from 149.154.167.92:443/TcpFull complete!
2025-06-02 03:10:45,615 | ERROR | Unhandled exception from keepalive_handle after cancelling <class '_asyncio.Task'> (<Task finished name='Task-7' coro=<UpdateMethods._keepalive_loop() done, defined at C:\Users\ILdav201\Desktop\IldavBotV2\env\Lib\site-packages\telethon\client\updates.py:481> exception=OperationalError('database is locked')>)
Traceback (most recent call last):
  File "C:\Users\ILdav201\Desktop\IldavBotV2\env\Lib\site-packages\telethon\helpers.py", line 176, in _cancel
    await task
  File "C:\Users\ILdav201\Desktop\IldavBotV2\env\Lib\site-packages\telethon\client\updates.py", line 517, in _keepalive_loop
    self._save_states_and_entities()
  File "C:\Users\ILdav201\Desktop\IldavBotV2\env\Lib\site-packages\telethon\client\telegrambaseclient.py", line 694, in _save_states_and_entities
    self.session.process_entities(types.contacts.ResolvedPeer(None, [e._as_input_peer() for e in entities], []))
  File "C:\Users\ILdav201\Desktop\IldavBotV2\env\Lib\site-packages\telethon\sessions\sqlite.py", line 301, in process_entities
    c.executemany(
sqlite3.OperationalError: database is locked
2025-06-02 03:10:45,615 | ERROR | Unhandled exception from keepalive_handle after cancelling <class '_asyncio.Task'> (<Task finished name='Task-7' coro=<UpdateMethods._keepalive_loop() done, defined at C:\Users\ILdav201\Desktop\IldavBotV2\env\Lib\site-packages\telethon\client\updates.py:481> exception=OperationalError('database is locked')>)
Traceback (most recent call last):
  File "C:\Users\ILdav201\Desktop\IldavBotV2\env\Lib\site-packages\telethon\helpers.py", line 176, in _cancel
    await task
  File "C:\Users\ILdav201\Desktop\IldavBotV2\env\Lib\site-packages\telethon\client\updates.py", line 517, in _keepalive_loop
    self._save_states_and_entities()
  File "C:\Users\ILdav201\Desktop\IldavBotV2\env\Lib\site-packages\telethon\client\telegrambaseclient.py", line 694, in _save_states_and_entities
    self.session.process_entities(types.contacts.ResolvedPeer(None, [e._as_input_peer() for e in entities], []))
  File "C:\Users\ILdav201\Desktop\IldavBotV2\env\Lib\site-packages\telethon\sessions\sqlite.py", line 301, in process_entities
    c.executemany(
sqlite3.OperationalError: database is locked
2025-06-02 03:10:49,311 | INFO | MT5: Connexion réussie sur MetaQuotes-Demo avec l'utilisateur 10006427957
2025-06-02 03:10:49,316 | INFO | Connecting to 149.154.167.92:443/TcpFull...
2025-06-02 03:10:49,343 | INFO | Connection to 149.154.167.92:443/TcpFull complete!
2025-06-02 03:10:49,571 | INFO | Connecté à Telegram.
2025-06-02 03:25:49,576 | INFO | Got difference for account updates
2025-06-02 03:40:49,638 | INFO | Got difference for account updates
2025-06-02 06:40:49,999 | INFO | Got difference for channel 1760190415 updates
2025-06-02 08:40:50,400 | INFO | Got difference for channel 1396512362 updates
2025-06-02 09:55:25,588 | INFO | Signal reçu | Telegram | 2025-06-02 07:55:25 | Début traitement | t0=1748850925.2924664
2025-06-02 09:55:25,594 | INFO | Signal parsé | 2025-06-02 07:55:25 | t1=1748850925.5937955 | delta=0.301s
2025-06-02 09:55:25,594 | INFO | 
=== Signal de trading détecté ===
Date/heure : 2025-06-02 07:55:25
Groupe/canal : Forex B’darija VIP 3.0 👑
Expéditeur : Forex B’darija VIP 3.0 👑
Signal parsé : {'symbol': 'EURCAD', 'type': 'SELL', 'entries': [], 'tp': [1.562, 1.559, 1.554], 'sl': 1.57}
===============================

2025-06-02 09:55:25,594 | INFO | MT5 | Récupération tick | EURCAD | t_tick=1748850925.5943093 | delta=0.000s
2025-06-02 09:55:25,594 | INFO | MT5 | Détermination prix entrée | EURCAD | t_price=1748850925.5943093 | delta=0.000s
2025-06-02 09:55:25,604 | INFO | MT5 | Envoi ordre | EURCAD | t_send=1748850925.6041794 | delta=0.010s | Request: {'action': 1, 'symbol': 'EURCAD', 'volume': 0.03, 'type': 1, 'price': 1.5629300000000002, 'sl': 1.57, 'tp': 1.562, 'deviation': 30, 'magic': 123456, 'comment': 'TelegramAuto', 'type_time': 0, 'type_filling': 2}
2025-06-02 09:55:25,792 | INFO | MT5 | Réponse reçue | EURCAD | t_result=1748850925.7917435 | delta=0.188s | Résultat: OrderSendResult(retcode=10009, deal=150645599604, order=150653046022, volume=0.03, price=1.5629300000000002, bid=1.5629300000000002, ask=1.5633599999999999, comment='Request executed', request_id=3917391880, retcode_external=0, request=TradeRequest(action=1, magic=123456, order=0, symbol='EURCAD', volume=0.03, price=1.5629300000000002, stoplimit=0.0, sl=1.57, tp=1.562, deviation=30, type=1, type_filling=2, type_time=0, expiration=0, comment='TelegramAuto', position=0, position_by=0))
2025-06-02 09:55:25,802 | INFO | MT5 | Récupération tick | EURCAD | t_tick=1748850925.8021772 | delta=0.000s
2025-06-02 09:55:25,802 | INFO | MT5 | Détermination prix entrée | EURCAD | t_price=1748850925.8021772 | delta=0.000s
2025-06-02 09:55:25,803 | INFO | MT5 | Envoi ordre | EURCAD | t_send=1748850925.803178 | delta=0.001s | Request: {'action': 1, 'symbol': 'EURCAD', 'volume': 0.03, 'type': 1, 'price': 1.5629300000000002, 'sl': 1.57, 'tp': 1.562, 'deviation': 30, 'magic': 123456, 'comment': 'TelegramAuto', 'type_time': 0, 'type_filling': 2}
2025-06-02 09:55:25,824 | INFO | MT5 | Réponse reçue | EURCAD | t_result=1748850925.8244224 | delta=0.021s | Résultat: OrderSendResult(retcode=10009, deal=150645599615, order=150653046033, volume=0.03, price=1.5629300000000002, bid=1.5629300000000002, ask=1.5633599999999999, comment='Request executed', request_id=3917391881, retcode_external=0, request=TradeRequest(action=1, magic=123456, order=0, symbol='EURCAD', volume=0.03, price=1.5629300000000002, stoplimit=0.0, sl=1.57, tp=1.562, deviation=30, type=1, type_filling=2, type_time=0, expiration=0, comment='TelegramAuto', position=0, position_by=0))
2025-06-02 09:55:25,899 | INFO | MT5 | Récupération tick | EURCAD | t_tick=1748850925.8991992 | delta=0.000s
2025-06-02 09:55:25,900 | INFO | MT5 | Détermination prix entrée | EURCAD | t_price=1748850925.9001985 | delta=0.001s
2025-06-02 09:55:25,901 | INFO | MT5 | Envoi ordre | EURCAD | t_send=1748850925.9011996 | delta=0.001s | Request: {'action': 1, 'symbol': 'EURCAD', 'volume': 0.03, 'type': 1, 'price': 1.56294, 'sl': 1.57, 'tp': 1.562, 'deviation': 30, 'magic': 123456, 'comment': 'TelegramAuto', 'type_time': 0, 'type_filling': 2}
2025-06-02 09:55:25,923 | INFO | MT5 | Réponse reçue | EURCAD | t_result=1748850925.9231215 | delta=0.022s | Résultat: OrderSendResult(retcode=10009, deal=150645599618, order=150653046035, volume=0.03, price=1.56294, bid=1.56294, ask=1.56338, comment='Request executed', request_id=3917391882, retcode_external=0, request=TradeRequest(action=1, magic=123456, order=0, symbol='EURCAD', volume=0.03, price=1.56294, stoplimit=0.0, sl=1.57, tp=1.562, deviation=30, type=1, type_filling=2, type_time=0, expiration=0, comment='TelegramAuto', position=0, position_by=0))
2025-06-02 09:55:25,937 | INFO | Ordre envoyé à MT5 | 2025-06-02 07:55:25 | t2=1748850925.5943093 | delta=0.001s | Résultat: [{'ticket': 150653046022, 'symbol': 'EURCAD', 'tp': 1.562, 'sl': 1.57}, {'ticket': 150653046033, 'symbol': 'EURCAD', 'tp': 1.562, 'sl': 1.57}, {'ticket': 150653046035, 'symbol': 'EURCAD', 'tp': 1.562, 'sl': 1.57}]
2025-06-02 09:55:25,937 | INFO | Réponse MT5 reçue | 2025-06-02 07:55:25 | t3=1748850925.9371254 | delta=0.343s | Total: 0.645s
2025-06-02 09:55:29,988 | INFO | Signal reçu | Telegram | 2025-06-02 07:55:30 | Début traitement | t0=1748850929.8733468
2025-06-02 09:55:29,988 | INFO | Signal parsé | 2025-06-02 07:55:30 | t1=1748850929.988912 | delta=0.116s
2025-06-02 09:55:29,988 | INFO | 
=== Signal de trading détecté ===
Date/heure : 2025-06-02 07:55:30
Groupe/canal : Forex B’darija VIP 3.0 👑
Expéditeur : Forex B’darija VIP 3.0 👑
Signal parsé : {'symbol': 'EURCAD', 'type': 'SELL', 'entries': [], 'tp': [1.562, 1.559, 1.554], 'sl': 1.57}
===============================

2025-06-02 09:55:30,000 | INFO | MT5 | Récupération tick | EURCAD | t_tick=1748850930.0004194 | delta=0.000s
2025-06-02 09:55:30,000 | INFO | MT5 | Détermination prix entrée | EURCAD | t_price=1748850930.0004194 | delta=0.000s
2025-06-02 09:55:30,000 | INFO | MT5 | Envoi ordre | EURCAD | t_send=1748850930.0004194 | delta=0.000s | Request: {'action': 1, 'symbol': 'EURCAD', 'volume': 0.03, 'type': 1, 'price': 1.56296, 'sl': 1.57, 'tp': 1.562, 'deviation': 30, 'magic': 123456, 'comment': 'TelegramAuto', 'type_time': 0, 'type_filling': 2}
2025-06-02 09:55:30,019 | INFO | MT5 | Réponse reçue | EURCAD | t_result=1748850930.0195782 | delta=0.019s | Résultat: OrderSendResult(retcode=10009, deal=150645599845, order=150653046263, volume=0.03, price=1.56296, bid=1.56296, ask=1.5634000000000001, comment='Request executed', request_id=3917391883, retcode_external=0, request=TradeRequest(action=1, magic=123456, order=0, symbol='EURCAD', volume=0.03, price=1.56296, stoplimit=0.0, sl=1.57, tp=1.562, deviation=30, type=1, type_filling=2, type_time=0, expiration=0, comment='TelegramAuto', position=0, position_by=0))
2025-06-02 09:55:30,079 | INFO | MT5 | Récupération tick | EURCAD | t_tick=1748850930.0792532 | delta=0.000s
2025-06-02 09:55:30,080 | INFO | MT5 | Détermination prix entrée | EURCAD | t_price=1748850930.0802555 | delta=0.001s
2025-06-02 09:55:30,080 | INFO | MT5 | Envoi ordre | EURCAD | t_send=1748850930.0802555 | delta=0.000s | Request: {'action': 1, 'symbol': 'EURCAD', 'volume': 0.03, 'type': 1, 'price': 1.56296, 'sl': 1.57, 'tp': 1.562, 'deviation': 30, 'magic': 123456, 'comment': 'TelegramAuto', 'type_time': 0, 'type_filling': 2}
2025-06-02 09:55:30,174 | INFO | MT5 | Réponse reçue | EURCAD | t_result=1748850930.174348 | delta=0.094s | Résultat: OrderSendResult(retcode=10009, deal=150645599852, order=150653046270, volume=0.03, price=1.56296, bid=1.56296, ask=1.5634000000000001, comment='Request executed', request_id=3917391884, retcode_external=0, request=TradeRequest(action=1, magic=123456, order=0, symbol='EURCAD', volume=0.03, price=1.56296, stoplimit=0.0, sl=1.57, tp=1.562, deviation=30, type=1, type_filling=2, type_time=0, expiration=0, comment='TelegramAuto', position=0, position_by=0))
2025-06-02 09:55:30,186 | INFO | MT5 | Récupération tick | EURCAD | t_tick=1748850930.186632 | delta=0.000s
2025-06-02 09:55:30,188 | INFO | MT5 | Détermination prix entrée | EURCAD | t_price=1748850930.1881962 | delta=0.002s
2025-06-02 09:55:30,191 | INFO | MT5 | Envoi ordre | EURCAD | t_send=1748850930.1912086 | delta=0.003s | Request: {'action': 1, 'symbol': 'EURCAD', 'volume': 0.03, 'type': 1, 'price': 1.56296, 'sl': 1.57, 'tp': 1.562, 'deviation': 30, 'magic': 123456, 'comment': 'TelegramAuto', 'type_time': 0, 'type_filling': 2}
2025-06-02 09:55:30,274 | INFO | MT5 | Réponse reçue | EURCAD | t_result=1748850930.2741323 | delta=0.083s | Résultat: OrderSendResult(retcode=10009, deal=150645599855, order=150653046273, volume=0.03, price=1.56296, bid=1.56296, ask=1.5634000000000001, comment='Request executed', request_id=3917391885, retcode_external=0, request=TradeRequest(action=1, magic=123456, order=0, symbol='EURCAD', volume=0.03, price=1.56296, stoplimit=0.0, sl=1.57, tp=1.562, deviation=30, type=1, type_filling=2, type_time=0, expiration=0, comment='TelegramAuto', position=0, position_by=0))
2025-06-02 09:55:30,281 | INFO | Ordre envoyé à MT5 | 2025-06-02 07:55:30 | t2=1748850930.0004194 | delta=0.012s | Résultat: [{'ticket': 150653046263, 'symbol': 'EURCAD', 'tp': 1.562, 'sl': 1.57}, {'ticket': 150653046270, 'symbol': 'EURCAD', 'tp': 1.562, 'sl': 1.57}, {'ticket': 150653046273, 'symbol': 'EURCAD', 'tp': 1.562, 'sl': 1.57}]
2025-06-02 09:55:30,282 | INFO | Réponse MT5 reçue | 2025-06-02 07:55:30 | t3=1748850930.281628 | delta=0.281s | Total: 0.408s
2025-06-02 09:56:29,754 | INFO | Signal reçu | Telegram | 2025-06-02 07:56:29 | Début traitement | t0=1748850989.706129
2025-06-02 09:56:29,754 | INFO | Signal parsé | 2025-06-02 07:56:29 | t1=1748850989.7540126 | delta=0.048s
2025-06-02 09:56:29,754 | INFO | 
=== Signal de trading détecté ===
Date/heure : 2025-06-02 07:56:29
Groupe/canal : Forex B’darija VIP 3.0 👑
Expéditeur : Forex B’darija VIP 3.0 👑
Signal parsé : {'symbol': 'GBPCAD', 'type': 'SELL', 'entries': [], 'tp': [1.852, 1.849, 1.844], 'sl': 1.86}
===============================

2025-06-02 09:56:29,754 | INFO | MT5 | Récupération tick | GBPCAD | t_tick=1748850989.7540126 | delta=0.000s
2025-06-02 09:56:29,754 | INFO | MT5 | Détermination prix entrée | GBPCAD | t_price=1748850989.7540126 | delta=0.000s
2025-06-02 09:56:29,754 | INFO | MT5 | Envoi ordre | GBPCAD | t_send=1748850989.7540126 | delta=0.000s | Request: {'action': 1, 'symbol': 'GBPCAD', 'volume': 0.03, 'type': 1, 'price': 1.8529499999999999, 'sl': 1.86, 'tp': 1.852, 'deviation': 30, 'magic': 123456, 'comment': 'TelegramAuto', 'type_time': 0, 'type_filling': 2}
2025-06-02 09:56:29,840 | INFO | MT5 | Réponse reçue | GBPCAD | t_result=1748850989.8402517 | delta=0.086s | Résultat: OrderSendResult(retcode=10009, deal=150645602537, order=150653048977, volume=0.03, price=1.8529499999999999, bid=1.8529499999999999, ask=1.85359, comment='Request executed', request_id=3917391886, retcode_external=0, request=TradeRequest(action=1, magic=123456, order=0, symbol='GBPCAD', volume=0.03, price=1.8529499999999999, stoplimit=0.0, sl=1.86, tp=1.852, deviation=30, type=1, type_filling=2, type_time=0, expiration=0, comment='TelegramAuto', position=0, position_by=0))
2025-06-02 09:56:29,879 | INFO | MT5 | Récupération tick | GBPCAD | t_tick=1748850989.8793426 | delta=0.000s
2025-06-02 09:56:29,879 | INFO | MT5 | Détermination prix entrée | GBPCAD | t_price=1748850989.8793426 | delta=0.000s
2025-06-02 09:56:29,879 | INFO | MT5 | Envoi ordre | GBPCAD | t_send=1748850989.8793426 | delta=0.000s | Request: {'action': 1, 'symbol': 'GBPCAD', 'volume': 0.03, 'type': 1, 'price': 1.85294, 'sl': 1.86, 'tp': 1.852, 'deviation': 30, 'magic': 123456, 'comment': 'TelegramAuto', 'type_time': 0, 'type_filling': 2}
2025-06-02 09:56:29,899 | INFO | MT5 | Réponse reçue | GBPCAD | t_result=1748850989.8984704 | delta=0.019s | Résultat: OrderSendResult(retcode=10009, deal=150645602539, order=150653048979, volume=0.03, price=1.85294, bid=1.85294, ask=1.85357, comment='Request executed', request_id=3917391887, retcode_external=0, request=TradeRequest(action=1, magic=123456, order=0, symbol='GBPCAD', volume=0.03, price=1.85294, stoplimit=0.0, sl=1.86, tp=1.852, deviation=30, type=1, type_filling=2, type_time=0, expiration=0, comment='TelegramAuto', position=0, position_by=0))
2025-06-02 09:56:29,902 | INFO | MT5 | Récupération tick | GBPCAD | t_tick=1748850989.9024744 | delta=0.000s
2025-06-02 09:56:29,902 | INFO | MT5 | Détermination prix entrée | GBPCAD | t_price=1748850989.9024744 | delta=0.000s
2025-06-02 09:56:29,903 | INFO | MT5 | Envoi ordre | GBPCAD | t_send=1748850989.903473 | delta=0.001s | Request: {'action': 1, 'symbol': 'GBPCAD', 'volume': 0.03, 'type': 1, 'price': 1.85294, 'sl': 1.86, 'tp': 1.852, 'deviation': 30, 'magic': 123456, 'comment': 'TelegramAuto', 'type_time': 0, 'type_filling': 2}
2025-06-02 09:56:29,992 | INFO | MT5 | Réponse reçue | GBPCAD | t_result=1748850989.9925916 | delta=0.089s | Résultat: OrderSendResult(retcode=10009, deal=150645602541, order=150653048981, volume=0.03, price=1.85294, bid=1.85294, ask=1.85357, comment='Request executed', request_id=3917391888, retcode_external=0, request=TradeRequest(action=1, magic=123456, order=0, symbol='GBPCAD', volume=0.03, price=1.85294, stoplimit=0.0, sl=1.86, tp=1.852, deviation=30, type=1, type_filling=2, type_time=0, expiration=0, comment='TelegramAuto', position=0, position_by=0))
2025-06-02 09:56:30,005 | INFO | Ordre envoyé à MT5 | 2025-06-02 07:56:29 | t2=1748850989.7540126 | delta=0.000s | Résultat: [{'ticket': 150653048977, 'symbol': 'GBPCAD', 'tp': 1.852, 'sl': 1.86}, {'ticket': 150653048979, 'symbol': 'GBPCAD', 'tp': 1.852, 'sl': 1.86}, {'ticket': 150653048981, 'symbol': 'GBPCAD', 'tp': 1.852, 'sl': 1.86}]
2025-06-02 09:56:30,086 | INFO | Réponse MT5 reçue | 2025-06-02 07:56:29 | t3=1748850990.0051978 | delta=0.251s | Total: 0.299s
2025-06-02 09:56:34,638 | INFO | Signal reçu | Telegram | 2025-06-02 07:56:33 | Début traitement | t0=1748850994.5996714
2025-06-02 09:56:34,638 | INFO | Signal parsé | 2025-06-02 07:56:33 | t1=1748850994.6383338 | delta=0.039s
2025-06-02 09:56:34,638 | INFO | 
=== Signal de trading détecté ===
Date/heure : 2025-06-02 07:56:33
Groupe/canal : Forex B’darija VIP 3.0 👑
Expéditeur : Forex B’darija VIP 3.0 👑
Signal parsé : {'symbol': 'GBPCAD', 'type': 'SELL', 'entries': [], 'tp': [1.852, 1.849, 1.844], 'sl': 1.86}
===============================

2025-06-02 09:56:34,647 | INFO | MT5 | Récupération tick | GBPCAD | t_tick=1748850994.647531 | delta=0.001s
2025-06-02 09:56:34,647 | INFO | MT5 | Détermination prix entrée | GBPCAD | t_price=1748850994.647531 | delta=0.000s
2025-06-02 09:56:34,647 | INFO | MT5 | Envoi ordre | GBPCAD | t_send=1748850994.647531 | delta=0.000s | Request: {'action': 1, 'symbol': 'GBPCAD', 'volume': 0.03, 'type': 1, 'price': 1.8529499999999999, 'sl': 1.86, 'tp': 1.852, 'deviation': 30, 'magic': 123456, 'comment': 'TelegramAuto', 'type_time': 0, 'type_filling': 2}
2025-06-02 09:56:34,724 | INFO | MT5 | Réponse reçue | GBPCAD | t_result=1748850994.7246974 | delta=0.077s | Résultat: OrderSendResult(retcode=10009, deal=150645602680, order=150653049121, volume=0.03, price=1.8529499999999999, bid=1.8529499999999999, ask=1.8536000000000001, comment='Request executed', request_id=3917391889, retcode_external=0, request=TradeRequest(action=1, magic=123456, order=0, symbol='GBPCAD', volume=0.03, price=1.8529499999999999, stoplimit=0.0, sl=1.86, tp=1.852, deviation=30, type=1, type_filling=2, type_time=0, expiration=0, comment='TelegramAuto', position=0, position_by=0))
2025-06-02 09:56:34,732 | INFO | MT5 | Récupération tick | GBPCAD | t_tick=1748850994.7329075 | delta=0.000s
2025-06-02 09:56:34,733 | INFO | MT5 | Détermination prix entrée | GBPCAD | t_price=1748850994.733362 | delta=0.000s
2025-06-02 09:56:34,733 | INFO | MT5 | Envoi ordre | GBPCAD | t_send=1748850994.733362 | delta=0.000s | Request: {'action': 1, 'symbol': 'GBPCAD', 'volume': 0.03, 'type': 1, 'price': 1.8529499999999999, 'sl': 1.86, 'tp': 1.852, 'deviation': 30, 'magic': 123456, 'comment': 'TelegramAuto', 'type_time': 0, 'type_filling': 2}
2025-06-02 09:56:34,752 | INFO | MT5 | Réponse reçue | GBPCAD | t_result=1748850994.7524352 | delta=0.019s | Résultat: OrderSendResult(retcode=10009, deal=150645602683, order=150653049124, volume=0.03, price=1.8529499999999999, bid=1.8529499999999999, ask=1.8536000000000001, comment='Request executed', request_id=3917391890, retcode_external=0, request=TradeRequest(action=1, magic=123456, order=0, symbol='GBPCAD', volume=0.03, price=1.8529499999999999, stoplimit=0.0, sl=1.86, tp=1.852, deviation=30, type=1, type_filling=2, type_time=0, expiration=0, comment='TelegramAuto', position=0, position_by=0))
2025-06-02 09:56:34,755 | INFO | MT5 | Récupération tick | GBPCAD | t_tick=1748850994.7554386 | delta=0.000s
2025-06-02 09:56:34,799 | INFO | MT5 | Détermination prix entrée | GBPCAD | t_price=1748850994.798248 | delta=0.043s
2025-06-02 09:56:34,817 | INFO | MT5 | Envoi ordre | GBPCAD | t_send=1748850994.8176072 | delta=0.019s | Request: {'action': 1, 'symbol': 'GBPCAD', 'volume': 0.03, 'type': 1, 'price': 1.8529499999999999, 'sl': 1.86, 'tp': 1.852, 'deviation': 30, 'magic': 123456, 'comment': 'TelegramAuto', 'type_time': 0, 'type_filling': 2}
2025-06-02 09:56:34,840 | INFO | MT5 | Réponse reçue | GBPCAD | t_result=1748850994.8399668 | delta=0.022s | Résultat: OrderSendResult(retcode=10009, deal=150645602686, order=150653049127, volume=0.03, price=1.8529499999999999, bid=1.8529499999999999, ask=1.8536000000000001, comment='Request executed', request_id=3917391891, retcode_external=0, request=TradeRequest(action=1, magic=123456, order=0, symbol='GBPCAD', volume=0.03, price=1.8529499999999999, stoplimit=0.0, sl=1.86, tp=1.852, deviation=30, type=1, type_filling=2, type_time=0, expiration=0, comment='TelegramAuto', position=0, position_by=0))
2025-06-02 09:56:34,939 | INFO | Ordre envoyé à MT5 | 2025-06-02 07:56:33 | t2=1748850994.6470218 | delta=0.009s | Résultat: [{'ticket': 150653049121, 'symbol': 'GBPCAD', 'tp': 1.852, 'sl': 1.86}, {'ticket': 150653049124, 'symbol': 'GBPCAD', 'tp': 1.852, 'sl': 1.86}, {'ticket': 150653049127, 'symbol': 'GBPCAD', 'tp': 1.852, 'sl': 1.86}]
2025-06-02 09:56:34,940 | INFO | Réponse MT5 reçue | 2025-06-02 07:56:33 | t3=1748850994.939628 | delta=0.293s | Total: 0.340s
2025-06-02 10:47:15,973 | INFO | Signal reçu | Telegram | 2025-06-02 08:47:14 | Début traitement | t0=1748854035.9256508
2025-06-02 10:47:15,973 | INFO | Message reçu mais non reconnu comme signal exploitable (symbole, type, TP, SL nécessaires).
2025-06-02 10:47:15,973 | INFO | Signal parsé | 2025-06-02 08:47:14 | t1=1748854035.9730003 | delta=0.047s
2025-06-02 10:47:15,973 | INFO | [2025-06-02 08:47:14] Message non reconnu comme signal : SELL GBPCHF   1.10850
SL   1.11350
TP 1.10650
TP 1.10350
TP 1.09850
     
   Reserved
2025-06-02 10:47:18,625 | INFO | Signal reçu | Telegram | 2025-06-02 08:47:18 | Début traitement | t0=1748854038.4182758
2025-06-02 10:47:18,625 | INFO | Message reçu mais non reconnu comme signal exploitable (symbole, type, TP, SL nécessaires).
2025-06-02 10:47:18,625 | INFO | Signal parsé | 2025-06-02 08:47:18 | t1=1748854038.625102 | delta=0.207s
2025-06-02 10:47:18,625 | INFO | [2025-06-02 08:47:18] Message non reconnu comme signal : SELL GBPCHF   1.10850
SL   1.11350
TP 1.10650
TP 1.10350
TP 1.09850
     
   Reserved
2025-06-02 11:11:46,642 | INFO | Signal reçu | Telegram | 2025-06-02 09:11:46 | Début traitement | t0=1748855506.5948458
2025-06-02 11:11:46,642 | INFO | Signal parsé | 2025-06-02 09:11:46 | t1=1748855506.64256 | delta=0.048s
2025-06-02 11:11:46,642 | INFO | 
=== Signal de trading détecté ===
Date/heure : 2025-06-02 09:11:46
Groupe/canal : Forex B’darija VIP 3.0 👑
Expéditeur : Forex B’darija VIP 3.0 👑
Signal parsé : {'symbol': 'EURCAD', 'type': 'SELL', 'entries': [], 'tp': [1.5635, 1.5605, 1.5555], 'sl': 1.5715}
===============================

2025-06-02 11:11:46,642 | INFO | MT5 | Récupération tick | EURCAD | t_tick=1748855506.64256 | delta=0.000s
2025-06-02 11:11:46,642 | INFO | MT5 | Détermination prix entrée | EURCAD | t_price=1748855506.64256 | delta=0.000s
2025-06-02 11:11:46,642 | INFO | MT5 | Envoi ordre | EURCAD | t_send=1748855506.64256 | delta=0.000s | Request: {'action': 1, 'symbol': 'EURCAD', 'volume': 0.03, 'type': 1, 'price': 1.56464, 'sl': 1.5715, 'tp': 1.5635, 'deviation': 30, 'magic': 123456, 'comment': 'TelegramAuto', 'type_time': 0, 'type_filling': 2}
2025-06-02 11:11:46,712 | INFO | MT5 | Réponse reçue | EURCAD | t_result=1748855506.7120323 | delta=0.069s | Résultat: OrderSendResult(retcode=10009, deal=150645761985, order=150653208027, volume=0.03, price=1.56464, bid=1.56464, ask=1.56515, comment='Request executed', request_id=3917391892, retcode_external=0, request=TradeRequest(action=1, magic=123456, order=0, symbol='EURCAD', volume=0.03, price=1.56464, stoplimit=0.0, sl=1.5715, tp=1.5635, deviation=30, type=1, type_filling=2, type_time=0, expiration=0, comment='TelegramAuto', position=0, position_by=0))
2025-06-02 11:11:46,718 | INFO | MT5 | Récupération tick | EURCAD | t_tick=1748855506.7180119 | delta=0.000s
2025-06-02 11:11:46,718 | INFO | MT5 | Détermination prix entrée | EURCAD | t_price=1748855506.7180119 | delta=0.000s
2025-06-02 11:11:46,718 | INFO | MT5 | Envoi ordre | EURCAD | t_send=1748855506.7180119 | delta=0.000s | Request: {'action': 1, 'symbol': 'EURCAD', 'volume': 0.03, 'type': 1, 'price': 1.56464, 'sl': 1.5715, 'tp': 1.5635, 'deviation': 30, 'magic': 123456, 'comment': 'TelegramAuto', 'type_time': 0, 'type_filling': 2}
2025-06-02 11:11:46,794 | INFO | MT5 | Réponse reçue | EURCAD | t_result=1748855506.7944622 | delta=0.076s | Résultat: OrderSendResult(retcode=10009, deal=150645761988, order=150653208030, volume=0.03, price=1.56464, bid=1.56464, ask=1.56515, comment='Request executed', request_id=3917391893, retcode_external=0, request=TradeRequest(action=1, magic=123456, order=0, symbol='EURCAD', volume=0.03, price=1.56464, stoplimit=0.0, sl=1.5715, tp=1.5635, deviation=30, type=1, type_filling=2, type_time=0, expiration=0, comment='TelegramAuto', position=0, position_by=0))
2025-06-02 11:11:46,876 | INFO | MT5 | Récupération tick | EURCAD | t_tick=1748855506.8769598 | delta=0.000s
2025-06-02 11:11:46,901 | INFO | MT5 | Détermination prix entrée | EURCAD | t_price=1748855506.9011168 | delta=0.024s
2025-06-02 11:11:46,902 | INFO | MT5 | Envoi ordre | EURCAD | t_send=1748855506.9024045 | delta=0.001s | Request: {'action': 1, 'symbol': 'EURCAD', 'volume': 0.03, 'type': 1, 'price': 1.56464, 'sl': 1.5715, 'tp': 1.5635, 'deviation': 30, 'magic': 123456, 'comment': 'TelegramAuto', 'type_time': 0, 'type_filling': 2}
2025-06-02 11:11:46,991 | INFO | MT5 | Réponse reçue | EURCAD | t_result=1748855506.9918454 | delta=0.089s | Résultat: OrderSendResult(retcode=10009, deal=150645761995, order=150653208039, volume=0.03, price=1.56464, bid=1.56464, ask=1.56515, comment='Request executed', request_id=3917391894, retcode_external=0, request=TradeRequest(action=1, magic=123456, order=0, symbol='EURCAD', volume=0.03, price=1.56464, stoplimit=0.0, sl=1.5715, tp=1.5635, deviation=30, type=1, type_filling=2, type_time=0, expiration=0, comment='TelegramAuto', position=0, position_by=0))
2025-06-02 11:11:46,996 | INFO | Ordre envoyé à MT5 | 2025-06-02 09:11:46 | t2=1748855506.64256 | delta=0.000s | Résultat: [{'ticket': 150653208027, 'symbol': 'EURCAD', 'tp': 1.5635, 'sl': 1.5715}, {'ticket': 150653208030, 'symbol': 'EURCAD', 'tp': 1.5635, 'sl': 1.5715}, {'ticket': 150653208039, 'symbol': 'EURCAD', 'tp': 1.5635, 'sl': 1.5715}]
2025-06-02 11:11:46,997 | INFO | Réponse MT5 reçue | 2025-06-02 09:11:46 | t3=1748855506.9965382 | delta=0.354s | Total: 0.402s
2025-06-02 11:11:54,490 | INFO | Signal reçu | Telegram | 2025-06-02 09:11:52 | Début traitement | t0=1748855514.3472643
2025-06-02 11:11:54,490 | INFO | Signal parsé | 2025-06-02 09:11:52 | t1=1748855514.490198 | delta=0.143s
2025-06-02 11:11:54,490 | INFO | 
=== Signal de trading détecté ===
Date/heure : 2025-06-02 09:11:52
Groupe/canal : Forex B’darija VIP 3.0 👑
Expéditeur : Forex B’darija VIP 3.0 👑
Signal parsé : {'symbol': 'EURCAD', 'type': 'SELL', 'entries': [], 'tp': [1.5635, 1.5605, 1.5555], 'sl': 1.5715}
===============================

2025-06-02 11:11:54,490 | INFO | MT5 | Récupération tick | EURCAD | t_tick=1748855514.490198 | delta=0.000s
2025-06-02 11:11:54,490 | INFO | MT5 | Détermination prix entrée | EURCAD | t_price=1748855514.490198 | delta=0.000s
2025-06-02 11:11:54,490 | INFO | MT5 | Envoi ordre | EURCAD | t_send=1748855514.490198 | delta=0.000s | Request: {'action': 1, 'symbol': 'EURCAD', 'volume': 0.03, 'type': 1, 'price': 1.56468, 'sl': 1.5715, 'tp': 1.5635, 'deviation': 30, 'magic': 123456, 'comment': 'TelegramAuto', 'type_time': 0, 'type_filling': 2}
2025-06-02 11:11:54,563 | INFO | MT5 | Réponse reçue | EURCAD | t_result=1748855514.563265 | delta=0.073s | Résultat: OrderSendResult(retcode=10009, deal=150645762335, order=150653208384, volume=0.03, price=1.56468, bid=1.56468, ask=1.56515, comment='Request executed', request_id=3917391895, retcode_external=0, request=TradeRequest(action=1, magic=123456, order=0, symbol='EURCAD', volume=0.03, price=1.56468, stoplimit=0.0, sl=1.5715, tp=1.5635, deviation=30, type=1, type_filling=2, type_time=0, expiration=0, comment='TelegramAuto', position=0, position_by=0))
2025-06-02 11:11:54,585 | INFO | MT5 | Récupération tick | EURCAD | t_tick=1748855514.5850954 | delta=0.000s
2025-06-02 11:11:54,586 | INFO | MT5 | Détermination prix entrée | EURCAD | t_price=1748855514.5868533 | delta=0.002s
2025-06-02 11:11:54,587 | INFO | MT5 | Envoi ordre | EURCAD | t_send=1748855514.5878549 | delta=0.001s | Request: {'action': 1, 'symbol': 'EURCAD', 'volume': 0.03, 'type': 1, 'price': 1.56468, 'sl': 1.5715, 'tp': 1.5635, 'deviation': 30, 'magic': 123456, 'comment': 'TelegramAuto', 'type_time': 0, 'type_filling': 2}
2025-06-02 11:11:54,666 | INFO | MT5 | Réponse reçue | EURCAD | t_result=1748855514.6664863 | delta=0.079s | Résultat: OrderSendResult(retcode=10009, deal=150645762339, order=150653208388, volume=0.03, price=1.56468, bid=1.56468, ask=1.56515, comment='Request executed', request_id=3917391896, retcode_external=0, request=TradeRequest(action=1, magic=123456, order=0, symbol='EURCAD', volume=0.03, price=1.56468, stoplimit=0.0, sl=1.5715, tp=1.5635, deviation=30, type=1, type_filling=2, type_time=0, expiration=0, comment='TelegramAuto', position=0, position_by=0))
2025-06-02 11:11:54,683 | INFO | MT5 | Récupération tick | EURCAD | t_tick=1748855514.6835868 | delta=0.000s
2025-06-02 11:11:54,684 | INFO | MT5 | Détermination prix entrée | EURCAD | t_price=1748855514.684678 | delta=0.001s
2025-06-02 11:11:54,684 | INFO | MT5 | Envoi ordre | EURCAD | t_send=1748855514.684678 | delta=0.000s | Request: {'action': 1, 'symbol': 'EURCAD', 'volume': 0.03, 'type': 1, 'price': 1.56466, 'sl': 1.5715, 'tp': 1.5635, 'deviation': 30, 'magic': 123456, 'comment': 'TelegramAuto', 'type_time': 0, 'type_filling': 2}
2025-06-02 11:11:54,778 | INFO | MT5 | Réponse reçue | EURCAD | t_result=1748855514.7789903 | delta=0.094s | Résultat: OrderSendResult(retcode=10009, deal=150645762340, order=150653208389, volume=0.03, price=1.56466, bid=1.56466, ask=1.56513, comment='Request executed', request_id=3917391897, retcode_external=0, request=TradeRequest(action=1, magic=123456, order=0, symbol='EURCAD', volume=0.03, price=1.56466, stoplimit=0.0, sl=1.5715, tp=1.5635, deviation=30, type=1, type_filling=2, type_time=0, expiration=0, comment='TelegramAuto', position=0, position_by=0))
2025-06-02 11:11:54,867 | INFO | Ordre envoyé à MT5 | 2025-06-02 09:11:52 | t2=1748855514.490198 | delta=0.000s | Résultat: [{'ticket': 150653208384, 'symbol': 'EURCAD', 'tp': 1.5635, 'sl': 1.5715}, {'ticket': 150653208388, 'symbol': 'EURCAD', 'tp': 1.5635, 'sl': 1.5715}, {'ticket': 150653208389, 'symbol': 'EURCAD', 'tp': 1.5635, 'sl': 1.5715}]
2025-06-02 11:11:54,868 | INFO | Réponse MT5 reçue | 2025-06-02 09:11:52 | t3=1748855514.8670158 | delta=0.377s | Total: 0.520s
2025-06-02 12:01:01,510 | INFO | Signal reçu | Telegram | 2025-06-02 10:01:01 | Début traitement | t0=1748858461.462699
2025-06-02 12:01:01,510 | INFO | Signal parsé | 2025-06-02 10:01:01 | t1=1748858461.5104158 | delta=0.048s
2025-06-02 12:01:01,510 | INFO | 
=== Signal de trading détecté ===
Date/heure : 2025-06-02 10:01:01
Groupe/canal : Forex B’darija VIP 3.0 👑
Expéditeur : Forex B’darija VIP 3.0 👑
Signal parsé : {'symbol': 'GBPCAD', 'type': 'SELL', 'entries': [], 'tp': [1.853, 1.85, 1.845], 'sl': 1.86}
===============================

2025-06-02 12:01:01,510 | INFO | MT5 | Récupération tick | GBPCAD | t_tick=1748858461.5104158 | delta=0.000s
2025-06-02 12:01:01,510 | INFO | MT5 | Détermination prix entrée | GBPCAD | t_price=1748858461.5104158 | delta=0.000s
2025-06-02 12:01:01,510 | INFO | MT5 | Envoi ordre | GBPCAD | t_send=1748858461.5104158 | delta=0.000s | Request: {'action': 1, 'symbol': 'GBPCAD', 'volume': 0.03, 'type': 1, 'price': 1.8538999999999999, 'sl': 1.86, 'tp': 1.853, 'deviation': 30, 'magic': 123456, 'comment': 'TelegramAuto', 'type_time': 0, 'type_filling': 2}
2025-06-02 12:01:01,611 | INFO | MT5 | Réponse reçue | GBPCAD | t_result=1748858461.6113255 | delta=0.101s | Résultat: OrderSendResult(retcode=10009, deal=150645867564, order=150653314217, volume=0.03, price=1.8538999999999999, bid=1.8538999999999999, ask=1.85452, comment='Request executed', request_id=3917391898, retcode_external=0, request=TradeRequest(action=1, magic=123456, order=0, symbol='GBPCAD', volume=0.03, price=1.8538999999999999, stoplimit=0.0, sl=1.86, tp=1.853, deviation=30, type=1, type_filling=2, type_time=0, expiration=0, comment='TelegramAuto', position=0, position_by=0))
2025-06-02 12:01:01,679 | INFO | MT5 | Récupération tick | GBPCAD | t_tick=1748858461.6792657 | delta=0.000s
2025-06-02 12:01:01,679 | INFO | MT5 | Détermination prix entrée | GBPCAD | t_price=1748858461.679789 | delta=0.001s
2025-06-02 12:01:01,679 | INFO | MT5 | Envoi ordre | GBPCAD | t_send=1748858461.679789 | delta=0.000s | Request: {'action': 1, 'symbol': 'GBPCAD', 'volume': 0.03, 'type': 1, 'price': 1.8538999999999999, 'sl': 1.86, 'tp': 1.853, 'deviation': 30, 'magic': 123456, 'comment': 'TelegramAuto', 'type_time': 0, 'type_filling': 2}
2025-06-02 12:01:01,764 | INFO | MT5 | Réponse reçue | GBPCAD | t_result=1748858461.7640424 | delta=0.084s | Résultat: OrderSendResult(retcode=10009, deal=150645867567, order=150653314220, volume=0.03, price=1.8538999999999999, bid=1.8538999999999999, ask=1.85452, comment='Request executed', request_id=3917391899, retcode_external=0, request=TradeRequest(action=1, magic=123456, order=0, symbol='GBPCAD', volume=0.03, price=1.8538999999999999, stoplimit=0.0, sl=1.86, tp=1.853, deviation=30, type=1, type_filling=2, type_time=0, expiration=0, comment='TelegramAuto', position=0, position_by=0))
2025-06-02 12:01:01,851 | INFO | MT5 | Récupération tick | GBPCAD | t_tick=1748858461.8513296 | delta=0.000s
2025-06-02 12:01:01,851 | INFO | MT5 | Détermination prix entrée | GBPCAD | t_price=1748858461.8513296 | delta=0.000s
2025-06-02 12:01:01,854 | INFO | MT5 | Envoi ordre | GBPCAD | t_send=1748858461.854879 | delta=0.004s | Request: {'action': 1, 'symbol': 'GBPCAD', 'volume': 0.03, 'type': 1, 'price': 1.8538999999999999, 'sl': 1.86, 'tp': 1.853, 'deviation': 30, 'magic': 123456, 'comment': 'TelegramAuto', 'type_time': 0, 'type_filling': 2}
2025-06-02 12:01:01,876 | INFO | MT5 | Réponse reçue | GBPCAD | t_result=1748858461.8763971 | delta=0.022s | Résultat: OrderSendResult(retcode=10009, deal=150645867571, order=150653314226, volume=0.03, price=1.8538999999999999, bid=1.8538999999999999, ask=1.85452, comment='Request executed', request_id=3917391900, retcode_external=0, request=TradeRequest(action=1, magic=123456, order=0, symbol='GBPCAD', volume=0.03, price=1.8538999999999999, stoplimit=0.0, sl=1.86, tp=1.853, deviation=30, type=1, type_filling=2, type_time=0, expiration=0, comment='TelegramAuto', position=0, position_by=0))
2025-06-02 12:01:01,879 | INFO | Ordre envoyé à MT5 | 2025-06-02 10:01:01 | t2=1748858461.5104158 | delta=0.000s | Résultat: [{'ticket': 150653314217, 'symbol': 'GBPCAD', 'tp': 1.853, 'sl': 1.86}, {'ticket': 150653314220, 'symbol': 'GBPCAD', 'tp': 1.853, 'sl': 1.86}, {'ticket': 150653314226, 'symbol': 'GBPCAD', 'tp': 1.853, 'sl': 1.86}]
2025-06-02 12:01:01,880 | INFO | Réponse MT5 reçue | 2025-06-02 10:01:01 | t3=1748858461.8794005 | delta=0.369s | Total: 0.417s
2025-06-02 12:01:07,061 | INFO | Signal reçu | Telegram | 2025-06-02 10:01:04 | Début traitement | t0=1748858466.9892738
2025-06-02 12:01:07,061 | INFO | Signal parsé | 2025-06-02 10:01:04 | t1=1748858467.0611284 | delta=0.072s
2025-06-02 12:01:07,061 | INFO | 
=== Signal de trading détecté ===
Date/heure : 2025-06-02 10:01:04
Groupe/canal : Forex B’darija VIP 3.0 👑
Expéditeur : Forex B’darija VIP 3.0 👑
Signal parsé : {'symbol': 'GBPCAD', 'type': 'SELL', 'entries': [], 'tp': [1.853, 1.85, 1.845], 'sl': 1.86}
===============================

2025-06-02 12:01:07,061 | INFO | MT5 | Récupération tick | GBPCAD | t_tick=1748858467.0611284 | delta=0.000s
2025-06-02 12:01:07,061 | INFO | MT5 | Détermination prix entrée | GBPCAD | t_price=1748858467.0611284 | delta=0.000s
2025-06-02 12:01:07,061 | INFO | MT5 | Envoi ordre | GBPCAD | t_send=1748858467.0611284 | delta=0.000s | Request: {'action': 1, 'symbol': 'GBPCAD', 'volume': 0.03, 'type': 1, 'price': 1.8538000000000001, 'sl': 1.86, 'tp': 1.853, 'deviation': 30, 'magic': 123456, 'comment': 'TelegramAuto', 'type_time': 0, 'type_filling': 2}
2025-06-02 12:01:07,342 | INFO | MT5 | Réponse reçue | GBPCAD | t_result=1748858467.3427367 | delta=0.282s | Résultat: OrderSendResult(retcode=10009, deal=150645868017, order=150653314684, volume=0.03, price=1.8538000000000001, bid=1.8538000000000001, ask=1.85449, comment='Request executed', request_id=3917391901, retcode_external=0, request=TradeRequest(action=1, magic=123456, order=0, symbol='GBPCAD', volume=0.03, price=1.8538000000000001, stoplimit=0.0, sl=1.86, tp=1.853, deviation=30, type=1, type_filling=2, type_time=0, expiration=0, comment='TelegramAuto', position=0, position_by=0))
2025-06-02 12:01:07,410 | INFO | MT5 | Récupération tick | GBPCAD | t_tick=1748858467.4090273 | delta=0.000s
2025-06-02 12:01:07,410 | INFO | MT5 | Détermination prix entrée | GBPCAD | t_price=1748858467.410027 | delta=0.001s
2025-06-02 12:01:07,411 | INFO | MT5 | Envoi ordre | GBPCAD | t_send=1748858467.4110277 | delta=0.001s | Request: {'action': 1, 'symbol': 'GBPCAD', 'volume': 0.03, 'type': 1, 'price': 1.85382, 'sl': 1.86, 'tp': 1.853, 'deviation': 30, 'magic': 123456, 'comment': 'TelegramAuto', 'type_time': 0, 'type_filling': 2}
2025-06-02 12:01:07,428 | INFO | MT5 | Réponse reçue | GBPCAD | t_result=1748858467.428673 | delta=0.018s | Résultat: OrderSendResult(retcode=10009, deal=150645868058, order=150653314725, volume=0.03, price=1.85382, bid=1.85382, ask=1.85449, comment='Request executed', request_id=3917391902, retcode_external=0, request=TradeRequest(action=1, magic=123456, order=0, symbol='GBPCAD', volume=0.03, price=1.85382, stoplimit=0.0, sl=1.86, tp=1.853, deviation=30, type=1, type_filling=2, type_time=0, expiration=0, comment='TelegramAuto', position=0, position_by=0))
2025-06-02 12:01:07,503 | INFO | MT5 | Récupération tick | GBPCAD | t_tick=1748858467.5033157 | delta=0.000s
2025-06-02 12:01:07,503 | INFO | MT5 | Détermination prix entrée | GBPCAD | t_price=1748858467.5033157 | delta=0.000s
2025-06-02 12:01:07,504 | INFO | MT5 | Envoi ordre | GBPCAD | t_send=1748858467.5043294 | delta=0.001s | Request: {'action': 1, 'symbol': 'GBPCAD', 'volume': 0.03, 'type': 1, 'price': 1.85382, 'sl': 1.86, 'tp': 1.853, 'deviation': 30, 'magic': 123456, 'comment': 'TelegramAuto', 'type_time': 0, 'type_filling': 2}
2025-06-02 12:01:07,665 | INFO | MT5 | Réponse reçue | GBPCAD | t_result=1748858467.6654546 | delta=0.161s | Résultat: OrderSendResult(retcode=10009, deal=150645868060, order=150653314727, volume=0.03, price=1.85382, bid=1.85382, ask=1.85449, comment='Request executed', request_id=3917391903, retcode_external=0, request=TradeRequest(action=1, magic=123456, order=0, symbol='GBPCAD', volume=0.03, price=1.85382, stoplimit=0.0, sl=1.86, tp=1.853, deviation=30, type=1, type_filling=2, type_time=0, expiration=0, comment='TelegramAuto', position=0, position_by=0))
2025-06-02 12:01:07,698 | INFO | Ordre envoyé à MT5 | 2025-06-02 10:01:04 | t2=1748858467.0611284 | delta=0.000s | Résultat: [{'ticket': 150653314684, 'symbol': 'GBPCAD', 'tp': 1.853, 'sl': 1.86}, {'ticket': 150653314725, 'symbol': 'GBPCAD', 'tp': 1.853, 'sl': 1.86}, {'ticket': 150653314727, 'symbol': 'GBPCAD', 'tp': 1.853, 'sl': 1.86}]
2025-06-02 12:01:07,698 | INFO | Réponse MT5 reçue | 2025-06-02 10:01:04 | t3=1748858467.6983647 | delta=0.637s | Total: 0.709s
2025-06-02 12:57:21,288 | INFO | Signal reçu | Telegram | 2025-06-02 10:57:21 | Début traitement | t0=1748861841.1109612
2025-06-02 12:57:21,288 | INFO | Signal parsé | 2025-06-02 10:57:21 | t1=1748861841.288569 | delta=0.178s
2025-06-02 12:57:21,288 | INFO | 
=== Signal de trading détecté ===
Date/heure : 2025-06-02 10:57:21
Groupe/canal : Forex B’darija VIP 3.0 👑
Expéditeur : Forex B’darija VIP 3.0 👑
Signal parsé : {'symbol': 'XAUUSD', 'type': 'BUY', 'entries': [], 'tp': [3350.0, 3353.0], 'sl': 3343.0}
===============================

2025-06-02 12:57:21,288 | INFO | MT5 | Récupération tick | XAUUSD | t_tick=1748861841.288569 | delta=0.000s
2025-06-02 12:57:21,288 | INFO | MT5 | Détermination prix entrée | XAUUSD | t_price=1748861841.288569 | delta=0.000s
2025-06-02 12:57:21,288 | INFO | MT5 | Envoi ordre | XAUUSD | t_send=1748861841.288569 | delta=0.000s | Request: {'action': 1, 'symbol': 'XAUUSD', 'volume': 0.03, 'type': 0, 'price': 3350.09, 'sl': 3343.0, 'tp': 3350.0, 'deviation': 30, 'magic': 123456, 'comment': 'TelegramAuto', 'type_time': 0, 'type_filling': 2}
2025-06-02 12:57:21,351 | INFO | MT5 | Réponse reçue | XAUUSD | t_result=1748861841.351961 | delta=0.063s | Résultat: OrderSendResult(retcode=10009, deal=150645986125, order=150653432727, volume=0.03, price=3350.09, bid=3349.92, ask=3350.09, comment='Request executed', request_id=3917391904, retcode_external=0, request=TradeRequest(action=1, magic=123456, order=0, symbol='XAUUSD', volume=0.03, price=3350.09, stoplimit=0.0, sl=3343.0, tp=3350.0, deviation=30, type=0, type_filling=2, type_time=0, expiration=0, comment='TelegramAuto', position=0, position_by=0))
2025-06-02 12:57:21,361 | INFO | MT5 | Récupération tick | XAUUSD | t_tick=1748861841.3615475 | delta=0.000s
2025-06-02 12:57:21,362 | INFO | MT5 | Détermination prix entrée | XAUUSD | t_price=1748861841.362549 | delta=0.001s
2025-06-02 12:57:21,363 | INFO | MT5 | Envoi ordre | XAUUSD | t_send=1748861841.362549 | delta=0.000s | Request: {'action': 1, 'symbol': 'XAUUSD', 'volume': 0.03, 'type': 0, 'price': 3350.09, 'sl': 3343.0, 'tp': 3350.0, 'deviation': 30, 'magic': 123456, 'comment': 'TelegramAuto', 'type_time': 0, 'type_filling': 2}
2025-06-02 12:57:21,454 | INFO | MT5 | Réponse reçue | XAUUSD | t_result=1748861841.45422 | delta=0.092s | Résultat: OrderSendResult(retcode=10009, deal=150645986128, order=150653432730, volume=0.03, price=3350.09, bid=3349.92, ask=3350.09, comment='Request executed', request_id=3917391905, retcode_external=0, request=TradeRequest(action=1, magic=123456, order=0, symbol='XAUUSD', volume=0.03, price=3350.09, stoplimit=0.0, sl=3343.0, tp=3350.0, deviation=30, type=0, type_filling=2, type_time=0, expiration=0, comment='TelegramAuto', position=0, position_by=0))
2025-06-02 12:57:21,460 | INFO | Ordre envoyé à MT5 | 2025-06-02 10:57:21 | t2=1748861841.288569 | delta=0.000s | Résultat: [{'ticket': 150653432727, 'symbol': 'XAUUSD', 'tp': 3350.0, 'sl': 3343.0}, {'ticket': 150653432730, 'symbol': 'XAUUSD', 'tp': 3350.0, 'sl': 3343.0}]
2025-06-02 12:57:21,461 | INFO | Réponse MT5 reçue | 2025-06-02 10:57:21 | t3=1748861841.4602034 | delta=0.172s | Total: 0.349s
2025-06-02 12:59:59,838 | INFO | Signal reçu | Telegram | 2025-06-02 10:59:45 | Début traitement | t0=1748861999.7385614
2025-06-02 12:59:59,838 | INFO | Signal parsé | 2025-06-02 10:59:45 | t1=1748861999.838114 | delta=0.100s
2025-06-02 12:59:59,838 | INFO | 
=== Signal de trading détecté ===
Date/heure : 2025-06-02 10:59:45
Groupe/canal : Forex b’darija 📊
Expéditeur : Forex b’darija 📊
Signal parsé : {'symbol': 'XAUUSD', 'type': 'BUY', 'entries': [], 'tp': [3350.0, 3353.0, 3365.0], 'sl': 3343.0}
===============================

2025-06-02 12:59:59,848 | INFO | MT5 | Récupération tick | XAUUSD | t_tick=1748861999.8487487 | delta=0.000s
2025-06-02 12:59:59,850 | INFO | MT5 | Détermination prix entrée | XAUUSD | t_price=1748861999.85088 | delta=0.002s
2025-06-02 12:59:59,851 | INFO | MT5 | Envoi ordre | XAUUSD | t_send=1748861999.8518827 | delta=0.001s | Request: {'action': 1, 'symbol': 'XAUUSD', 'volume': 0.03, 'type': 0, 'price': 3348.74, 'sl': 3343.0, 'tp': 3350.0, 'deviation': 30, 'magic': 123456, 'comment': 'TelegramAuto', 'type_time': 0, 'type_filling': 2}
2025-06-02 12:59:59,915 | INFO | MT5 | Réponse reçue | XAUUSD | t_result=1748861999.9156575 | delta=0.064s | Résultat: OrderSendResult(retcode=10009, deal=150645993539, order=150653440123, volume=0.03, price=3348.74, bid=3348.56, ask=3348.74, comment='Request executed', request_id=3917391906, retcode_external=0, request=TradeRequest(action=1, magic=123456, order=0, symbol='XAUUSD', volume=0.03, price=3348.74, stoplimit=0.0, sl=3343.0, tp=3350.0, deviation=30, type=0, type_filling=2, type_time=0, expiration=0, comment='TelegramAuto', position=0, position_by=0))
2025-06-02 12:59:59,939 | INFO | MT5 | Récupération tick | XAUUSD | t_tick=1748861999.9397697 | delta=0.000s
2025-06-02 12:59:59,939 | INFO | MT5 | Détermination prix entrée | XAUUSD | t_price=1748861999.9397697 | delta=0.000s
2025-06-02 12:59:59,940 | INFO | MT5 | Envoi ordre | XAUUSD | t_send=1748861999.9407675 | delta=0.001s | Request: {'action': 1, 'symbol': 'XAUUSD', 'volume': 0.03, 'type': 0, 'price': 3348.74, 'sl': 3343.0, 'tp': 3350.0, 'deviation': 30, 'magic': 123456, 'comment': 'TelegramAuto', 'type_time': 0, 'type_filling': 2}
2025-06-02 13:00:00,009 | INFO | MT5 | Réponse reçue | XAUUSD | t_result=1748862000.0092938 | delta=0.069s | Résultat: OrderSendResult(retcode=10009, deal=150645993547, order=150653440132, volume=0.03, price=3348.74, bid=3348.56, ask=3348.74, comment='Request executed', request_id=3917391907, retcode_external=0, request=TradeRequest(action=1, magic=123456, order=0, symbol='XAUUSD', volume=0.03, price=3348.74, stoplimit=0.0, sl=3343.0, tp=3350.0, deviation=30, type=0, type_filling=2, type_time=0, expiration=0, comment='TelegramAuto', position=0, position_by=0))
2025-06-02 13:00:00,031 | INFO | MT5 | Récupération tick | XAUUSD | t_tick=1748862000.0310032 | delta=0.000s
2025-06-02 13:00:00,032 | INFO | MT5 | Détermination prix entrée | XAUUSD | t_price=1748862000.032003 | delta=0.001s
2025-06-02 13:00:00,032 | INFO | MT5 | Envoi ordre | XAUUSD | t_send=1748862000.032003 | delta=0.000s | Request: {'action': 1, 'symbol': 'XAUUSD', 'volume': 0.03, 'type': 0, 'price': 3348.74, 'sl': 3343.0, 'tp': 3350.0, 'deviation': 30, 'magic': 123456, 'comment': 'TelegramAuto', 'type_time': 0, 'type_filling': 2}
2025-06-02 13:00:00,132 | INFO | MT5 | Réponse reçue | XAUUSD | t_result=1748862000.132504 | delta=0.101s | Résultat: OrderSendResult(retcode=10009, deal=150645993558, order=150653440143, volume=0.03, price=3348.74, bid=3348.56, ask=3348.74, comment='Request executed', request_id=3917391908, retcode_external=0, request=TradeRequest(action=1, magic=123456, order=0, symbol='XAUUSD', volume=0.03, price=3348.74, stoplimit=0.0, sl=3343.0, tp=3350.0, deviation=30, type=0, type_filling=2, type_time=0, expiration=0, comment='TelegramAuto', position=0, position_by=0))
2025-06-02 13:00:00,212 | INFO | Ordre envoyé à MT5 | 2025-06-02 10:59:45 | t2=1748861999.8487487 | delta=0.011s | Résultat: [{'ticket': 150653440123, 'symbol': 'XAUUSD', 'tp': 3350.0, 'sl': 3343.0}, {'ticket': 150653440132, 'symbol': 'XAUUSD', 'tp': 3350.0, 'sl': 3343.0}, {'ticket': 150653440143, 'symbol': 'XAUUSD', 'tp': 3350.0, 'sl': 3343.0}]
2025-06-02 13:00:00,218 | INFO | Réponse MT5 reçue | 2025-06-02 10:59:45 | t3=1748862000.212785 | delta=0.364s | Total: 0.474s
2025-06-02 13:00:27,349 | INFO | Signal reçu | Telegram | 2025-06-02 11:00:18 | Début traitement | t0=1748862027.3175473
2025-06-02 13:00:27,349 | INFO | Message reçu mais non reconnu comme signal exploitable (symbole, type, TP, SL nécessaires).
2025-06-02 13:00:27,349 | INFO | Signal parsé | 2025-06-02 11:00:18 | t1=1748862027.3498096 | delta=0.032s
2025-06-02 13:00:27,349 | INFO | [2025-06-02 11:00:18] Message non reconnu comme signal : New week, new month 🔥 Let’s go 💪
2025-06-02 13:16:00,167 | INFO | Signal reçu | Telegram | 2025-06-02 11:15:58 | Début traitement | t0=1748862960.041706
2025-06-02 13:16:00,167 | INFO | Message reçu mais non reconnu comme signal exploitable (symbole, type, TP, SL nécessaires).
2025-06-02 13:16:00,167 | INFO | Signal parsé | 2025-06-02 11:15:58 | t1=1748862960.1677637 | delta=0.126s
2025-06-02 13:16:00,167 | INFO | [2025-06-02 11:15:58] Message non reconnu comme signal : TP1 hit ✅ +20 pips
2025-06-02 13:24:00,548 | INFO | Signal reçu | Telegram | 2025-06-02 11:23:46 | Début traitement | t0=1748863440.2467675
2025-06-02 13:24:00,548 | INFO | Message reçu mais non reconnu comme signal exploitable (symbole, type, TP, SL nécessaires).
2025-06-02 13:24:00,548 | INFO | Signal parsé | 2025-06-02 11:23:46 | t1=1748863440.5480058 | delta=0.301s
2025-06-02 13:24:00,548 | INFO | [2025-06-02 11:23:46] Message non reconnu comme signal : +40 pips en cours 🔥 N’oubliez pas de sécuriser 🔐 (SL = prix d’entrée)
2025-06-02 13:25:26,432 | INFO | Signal reçu | Telegram | 2025-06-02 11:25:19 | Début traitement | t0=1748863526.2737427
2025-06-02 13:25:26,432 | INFO | Message reçu mais non reconnu comme signal exploitable (symbole, type, TP, SL nécessaires).
2025-06-02 13:25:26,432 | INFO | Signal parsé | 2025-06-02 11:25:19 | t1=1748863526.432669 | delta=0.159s
2025-06-02 13:25:26,432 | INFO | [2025-06-02 11:25:19] Message non reconnu comme signal : TP2 hit ✅ +50 pips
2025-06-02 13:25:51,291 | INFO | Got difference for channel 1311425945 updates
2025-06-02 13:27:55,190 | INFO | Signal reçu | Telegram | 2025-06-02 11:27:55 | Début traitement | t0=1748863675.1584315
2025-06-02 13:27:55,206 | INFO | Message reçu mais non reconnu comme signal exploitable (symbole, type, TP, SL nécessaires).
2025-06-02 13:27:55,206 | INFO | Signal parsé | 2025-06-02 11:27:55 | t1=1748863675.2061503 | delta=0.048s
2025-06-02 13:27:55,206 | INFO | [2025-06-02 11:27:55] Message non reconnu comme signal : Montrez moi vos profits les amis 🥳 @FXBDARIJA 🔥
2025-06-02 13:27:55,206 | INFO | Signal reçu | Telegram | 2025-06-02 11:27:51 | Début traitement | t0=1748863675.1584315
2025-06-02 13:27:55,206 | INFO | Message reçu mais non reconnu comme signal exploitable (symbole, type, TP, SL nécessaires).
2025-06-02 13:27:55,206 | INFO | Signal parsé | 2025-06-02 11:27:51 | t1=1748863675.2061503 | delta=0.048s
2025-06-02 13:27:55,206 | INFO | [2025-06-02 11:27:51] Message non reconnu comme signal : Montrez moi vos profits les amis 🥳 @FXBDARIJA 🔥
2025-06-02 13:28:15,203 | INFO | Signal reçu | Telegram | 2025-06-02 11:28:15 | Début traitement | t0=1748863695.1709404
2025-06-02 13:28:15,203 | INFO | Message reçu mais non reconnu comme signal exploitable (symbole, type, TP, SL nécessaires).
2025-06-02 13:28:15,203 | INFO | Signal parsé | 2025-06-02 11:28:15 | t1=1748863695.2033706 | delta=0.032s
2025-06-02 13:28:15,218 | INFO | [2025-06-02 11:28:15] Message non reconnu comme signal : +60 pips en cours 🔥
2025-06-02 13:28:34,104 | INFO | Signal reçu | Telegram | 2025-06-02 11:28:20 | Début traitement | t0=1748863714.0721416
2025-06-02 13:28:34,104 | INFO | Message reçu mais non reconnu comme signal exploitable (symbole, type, TP, SL nécessaires).
2025-06-02 13:28:34,119 | INFO | Signal parsé | 2025-06-02 11:28:20 | t1=1748863714.1198976 | delta=0.048s
2025-06-02 13:28:34,119 | INFO | [2025-06-02 11:28:20] Message non reconnu comme signal : +60 pips en cours 🔥
2025-06-02 13:32:37,943 | INFO | Signal reçu | Telegram | 2025-06-02 11:32:29 | Début traitement | t0=1748863957.8958325
2025-06-02 13:32:37,943 | INFO | Message reçu mais non reconnu comme signal exploitable (symbole, type, TP, SL nécessaires).
2025-06-02 13:32:37,943 | INFO | Signal parsé | 2025-06-02 11:32:29 | t1=1748863957.9437103 | delta=0.048s
2025-06-02 13:32:37,943 | INFO | [2025-06-02 11:32:29] Message non reconnu comme signal : Let’s goo 🔥 +100 pips en cours 🥳
2025-06-02 13:33:00,641 | INFO | Signal reçu | Telegram | 2025-06-02 11:32:55 | Début traitement | t0=1748863980.4036338
2025-06-02 13:33:00,641 | INFO | Message reçu mais non reconnu comme signal exploitable (symbole, type, TP, SL nécessaires).
2025-06-02 13:33:00,641 | INFO | Signal parsé | 2025-06-02 11:32:55 | t1=1748863980.6416795 | delta=0.238s
2025-06-02 13:33:00,641 | INFO | [2025-06-02 11:32:55] Message non reconnu comme signal : On dit pas qu’on est les meilleurs pour rien 🤫
2025-06-02 14:24:01,177 | INFO | Signal reçu | Telegram | 2025-06-02 12:23:35 | Début traitement | t0=1748867041.1391723
2025-06-02 14:24:01,177 | INFO | Message reçu mais non reconnu comme signal exploitable (symbole, type, TP, SL nécessaires).
2025-06-02 14:24:01,177 | INFO | Signal parsé | 2025-06-02 12:23:35 | t1=1748867041.177448 | delta=0.038s
2025-06-02 14:24:01,177 | INFO | [2025-06-02 12:23:35] Message non reconnu comme signal : +140 pips en cours 🔥
2025-06-02 14:24:01,177 | INFO | Signal reçu | Telegram | 2025-06-02 12:23:43 | Début traitement | t0=1748867041.1391723
2025-06-02 14:24:01,177 | INFO | Message reçu mais non reconnu comme signal exploitable (symbole, type, TP, SL nécessaires).
2025-06-02 14:24:01,177 | INFO | Signal parsé | 2025-06-02 12:23:43 | t1=1748867041.177448 | delta=0.038s
2025-06-02 14:24:01,177 | INFO | [2025-06-02 12:23:43] Message non reconnu comme signal : Bientôt TP3 🥳
2025-06-02 14:42:22,921 | INFO | Signal reçu | Telegram | 2025-06-02 12:42:21 | Début traitement | t0=1748868142.8733153
2025-06-02 14:42:22,921 | INFO | Signal parsé | 2025-06-02 12:42:21 | t1=1748868142.9210837 | delta=0.048s
2025-06-02 14:42:22,921 | INFO | 
=== Signal de trading détecté ===
Date/heure : 2025-06-02 12:42:21
Groupe/canal : Forex B’darija VIP 3.0 👑
Expéditeur : Forex B’darija VIP 3.0 👑
Signal parsé : {'symbol': 'XAUUSD', 'type': 'BUY', 'entries': [], 'tp': [3362.0, 3365.0, 3377.0], 'sl': 3354.0}
===============================

2025-06-02 14:42:22,921 | INFO | MT5 | Récupération tick | XAUUSD | t_tick=1748868142.9210837 | delta=0.000s
2025-06-02 14:42:22,921 | INFO | MT5 | Détermination prix entrée | XAUUSD | t_price=1748868142.9210837 | delta=0.000s
2025-06-02 14:42:22,921 | INFO | MT5 | Envoi ordre | XAUUSD | t_send=1748868142.9210837 | delta=0.000s | Request: {'action': 1, 'symbol': 'XAUUSD', 'volume': 0.03, 'type': 0, 'price': 3361.35, 'sl': 3354.0, 'tp': 3362.0, 'deviation': 30, 'magic': 123456, 'comment': 'TelegramAuto', 'type_time': 0, 'type_filling': 2}
2025-06-02 14:42:22,990 | INFO | MT5 | Réponse reçue | XAUUSD | t_result=1748868142.9906056 | delta=0.070s | Résultat: OrderSendResult(retcode=10009, deal=150646258948, order=150653705348, volume=0.03, price=3361.35, bid=3361.18, ask=3361.35, comment='Request executed', request_id=3917391909, retcode_external=0, request=TradeRequest(action=1, magic=123456, order=0, symbol='XAUUSD', volume=0.03, price=3361.35, stoplimit=0.0, sl=3354.0, tp=3362.0, deviation=30, type=0, type_filling=2, type_time=0, expiration=0, comment='TelegramAuto', position=0, position_by=0))
2025-06-02 14:42:23,083 | INFO | MT5 | Récupération tick | XAUUSD | t_tick=1748868143.0838518 | delta=0.000s
2025-06-02 14:42:23,084 | INFO | MT5 | Détermination prix entrée | XAUUSD | t_price=1748868143.0843801 | delta=0.001s
2025-06-02 14:42:23,084 | INFO | MT5 | Envoi ordre | XAUUSD | t_send=1748868143.0843801 | delta=0.000s | Request: {'action': 1, 'symbol': 'XAUUSD', 'volume': 0.03, 'type': 0, 'price': 3361.35, 'sl': 3354.0, 'tp': 3362.0, 'deviation': 30, 'magic': 123456, 'comment': 'TelegramAuto', 'type_time': 0, 'type_filling': 2}
2025-06-02 14:42:23,428 | INFO | MT5 | Réponse reçue | XAUUSD | t_result=1748868143.4285486 | delta=0.344s | Résultat: OrderSendResult(retcode=10009, deal=150646258950, order=150653705350, volume=0.03, price=3361.35, bid=3361.18, ask=3361.35, comment='Request executed', request_id=3917391910, retcode_external=0, request=TradeRequest(action=1, magic=123456, order=0, symbol='XAUUSD', volume=0.03, price=3361.35, stoplimit=0.0, sl=3354.0, tp=3362.0, deviation=30, type=0, type_filling=2, type_time=0, expiration=0, comment='TelegramAuto', position=0, position_by=0))
2025-06-02 14:42:23,428 | INFO | MT5 | Récupération tick | XAUUSD | t_tick=1748868143.4285486 | delta=0.000s
2025-06-02 14:42:23,428 | INFO | MT5 | Détermination prix entrée | XAUUSD | t_price=1748868143.4285486 | delta=0.000s
2025-06-02 14:42:23,428 | INFO | MT5 | Envoi ordre | XAUUSD | t_send=1748868143.4285486 | delta=0.000s | Request: {'action': 1, 'symbol': 'XAUUSD', 'volume': 0.03, 'type': 0, 'price': 3361.35, 'sl': 3354.0, 'tp': 3362.0, 'deviation': 30, 'magic': 123456, 'comment': 'TelegramAuto', 'type_time': 0, 'type_filling': 2}
2025-06-02 14:42:23,476 | INFO | MT5 | Réponse reçue | XAUUSD | t_result=1748868143.4767573 | delta=0.048s | Résultat: OrderSendResult(retcode=10009, deal=150646258958, order=150653705361, volume=0.03, price=3361.35, bid=3361.18, ask=3361.35, comment='Request executed', request_id=3917391911, retcode_external=0, request=TradeRequest(action=1, magic=123456, order=0, symbol='XAUUSD', volume=0.03, price=3361.35, stoplimit=0.0, sl=3354.0, tp=3362.0, deviation=30, type=0, type_filling=2, type_time=0, expiration=0, comment='TelegramAuto', position=0, position_by=0))
2025-06-02 14:42:23,552 | INFO | Ordre envoyé à MT5 | 2025-06-02 12:42:21 | t2=1748868142.9210837 | delta=0.000s | Résultat: [{'ticket': 150653705348, 'symbol': 'XAUUSD', 'tp': 3362.0, 'sl': 3354.0}, {'ticket': 150653705350, 'symbol': 'XAUUSD', 'tp': 3362.0, 'sl': 3354.0}, {'ticket': 150653705361, 'symbol': 'XAUUSD', 'tp': 3362.0, 'sl': 3354.0}]
2025-06-02 14:42:23,553 | INFO | Réponse MT5 reçue | 2025-06-02 12:42:21 | t3=1748868143.5526857 | delta=0.632s | Total: 0.679s
2025-06-02 14:54:12,854 | INFO | Signal reçu | Telegram | 2025-06-02 12:54:13 | Début traitement | t0=1748868852.6787639
2025-06-02 14:54:12,854 | INFO | Message reçu mais non reconnu comme signal exploitable (symbole, type, TP, SL nécessaires).
2025-06-02 14:54:12,854 | INFO | Signal parsé | 2025-06-02 12:54:13 | t1=1748868852.854466 | delta=0.176s
2025-06-02 14:54:12,854 | INFO | [2025-06-02 12:54:13] Message non reconnu comme signal : TP1 hit ✅ +20 pippipss en
2025-06-02 15:16:57,608 | INFO | Got difference for channel 2532682976 updates
2025-06-02 16:01:09,244 | INFO | Signal reçu | Telegram | 2025-06-02 14:01:07 | Début traitement | t0=1748872869.0695424
2025-06-02 16:01:09,244 | INFO | Message reçu mais non reconnu comme signal exploitable (symbole, type, TP, SL nécessaires).
2025-06-02 16:01:09,244 | INFO | Signal parsé | 2025-06-02 14:01:07 | t1=1748872869.244115 | delta=0.175s
2025-06-02 16:01:09,244 | INFO | [2025-06-02 14:01:07] Message non reconnu comme signal : TP3 hit ✅ +170 pips et clôture totale du trade 👌🏻
2025-06-02 16:01:24,438 | INFO | Got difference for channel 1311425945 updates
2025-06-02 16:01:24,438 | INFO | Signal reçu | Telegram | 2025-06-02 14:01:19 | Début traitement | t0=1748872884.4383075
2025-06-02 16:01:24,438 | INFO | Message reçu mais non reconnu comme signal exploitable (symbole, type, TP, SL nécessaires).
2025-06-02 16:01:24,438 | INFO | Signal parsé | 2025-06-02 14:01:19 | t1=1748872884.4383075 | delta=0.000s
2025-06-02 16:01:24,438 | INFO | [2025-06-02 14:01:19] Message non reconnu comme signal : Montrez moi vos profits les amis 🥳 @FXBDARIJA 🔥
2025-06-02 17:24:04,703 | INFO | Signal reçu | Telegram | 2025-06-02 15:24:04 | Début traitement | t0=1748877844.6560009
2025-06-02 17:24:04,704 | INFO | Message reçu mais non reconnu comme signal exploitable (symbole, type, TP, SL nécessaires).
2025-06-02 17:24:04,704 | INFO | Signal parsé | 2025-06-02 15:24:04 | t1=1748877844.7043724 | delta=0.048s
2025-06-02 17:24:04,704 | INFO | [2025-06-02 15:24:04] Message non reconnu comme signal : 
2025-06-02 17:24:13,304 | INFO | Signal reçu | Telegram | 2025-06-02 15:24:09 | Début traitement | t0=1748877853.1620965
2025-06-02 17:24:13,304 | INFO | Message reçu mais non reconnu comme signal exploitable (symbole, type, TP, SL nécessaires).
2025-06-02 17:24:13,304 | INFO | Signal parsé | 2025-06-02 15:24:09 | t1=1748877853.3041112 | delta=0.142s
2025-06-02 17:24:13,304 | INFO | [2025-06-02 15:24:09] Message non reconnu comme signal : Lah irham lik lwalidin
2025-06-02 17:24:44,304 | INFO | Signal reçu | Telegram | 2025-06-02 15:24:17 | Début traitement | t0=1748877884.2592356
2025-06-02 17:24:44,304 | INFO | Message reçu mais non reconnu comme signal exploitable (symbole, type, TP, SL nécessaires).
2025-06-02 17:24:44,304 | INFO | Signal parsé | 2025-06-02 15:24:17 | t1=1748877884.30401 | delta=0.045s
2025-06-02 17:24:44,304 | INFO | [2025-06-02 15:24:17] Message non reconnu comme signal : 
2025-06-02 17:24:44,304 | INFO | Signal reçu | Telegram | 2025-06-02 15:24:34 | Début traitement | t0=1748877884.2592356
2025-06-02 17:24:44,304 | INFO | Message reçu mais non reconnu comme signal exploitable (symbole, type, TP, SL nécessaires).
2025-06-02 17:24:44,304 | INFO | Signal parsé | 2025-06-02 15:24:34 | t1=1748877884.30401 | delta=0.045s
2025-06-02 17:24:44,304 | INFO | [2025-06-02 15:24:34] Message non reconnu comme signal : 
2025-06-02 17:24:44,304 | INFO | Signal reçu | Telegram | 2025-06-02 15:24:27 | Début traitement | t0=1748877884.2592356
2025-06-02 17:24:44,304 | INFO | Message reçu mais non reconnu comme signal exploitable (symbole, type, TP, SL nécessaires).
2025-06-02 17:24:44,304 | INFO | Signal parsé | 2025-06-02 15:24:27 | t1=1748877884.30401 | delta=0.045s
2025-06-02 17:24:44,304 | INFO | [2025-06-02 15:24:27] Message non reconnu comme signal : نحترم و نقدر المجهودات عطاك الله الصحة
2025-06-02 17:25:52,115 | INFO | Got difference for channel 1311425945 updates
2025-06-02 17:29:45,704 | INFO | Signal reçu | Telegram | 2025-06-02 15:29:31 | Début traitement | t0=1748878185.656895
2025-06-02 17:29:45,704 | INFO | Message reçu mais non reconnu comme signal exploitable (symbole, type, TP, SL nécessaires).
2025-06-02 17:29:45,704 | INFO | Signal parsé | 2025-06-02 15:29:31 | t1=1748878185.70426 | delta=0.047s
2025-06-02 17:29:45,704 | INFO | [2025-06-02 15:29:31] Message non reconnu comme signal : Tout est clair les amis 👌🏻
2025-06-02 17:29:45,704 | INFO | Signal reçu | Telegram | 2025-06-02 15:29:34 | Début traitement | t0=1748878185.656895
2025-06-02 17:29:45,704 | INFO | Message reçu mais non reconnu comme signal exploitable (symbole, type, TP, SL nécessaires).
2025-06-02 17:29:45,704 | INFO | Signal parsé | 2025-06-02 15:29:34 | t1=1748878185.70426 | delta=0.047s
2025-06-02 17:29:45,704 | INFO | [2025-06-02 15:29:34] Message non reconnu comme signal : Je vous rappelle que pour nous rejoindre c’est 100% GRATUIT, vous devez juste avoir votre capital ✅ 
2025-06-02 17:40:52,054 | INFO | Got difference for account updates
2025-06-02 17:40:52,166 | INFO | Got difference for channel 1311425945 updates
2025-06-02 18:40:52,517 | INFO | Got difference for channel 1311425945 updates
2025-06-02 18:55:52,352 | INFO | Got difference for account updates
2025-06-02 19:05:08,444 | INFO | Got difference for channel 1530008400 updates
2025-06-02 19:10:52,392 | INFO | Got difference for account updates
2025-06-02 19:12:08,270 | INFO | Signal reçu | Telegram | 2025-06-02 17:11:30 | Début traitement | t0=1748884328.0483046
2025-06-02 19:12:08,270 | INFO | Message reçu mais non reconnu comme signal exploitable (symbole, type, TP, SL nécessaires).
2025-06-02 19:12:08,270 | INFO | Signal parsé | 2025-06-02 17:11:30 | t1=1748884328.270011 | delta=0.222s
2025-06-02 19:12:08,270 | INFO | [2025-06-02 17:11:30] Message non reconnu comme signal : Rare footage of my Metatrader 🤫
2025-06-02 19:13:35,301 | INFO | Signal reçu | Telegram | 2025-06-02 17:13:25 | Début traitement | t0=1748884415.2532344
2025-06-02 19:13:35,301 | INFO | Message reçu mais non reconnu comme signal exploitable (symbole, type, TP, SL nécessaires).
2025-06-02 19:13:35,301 | INFO | Signal parsé | 2025-06-02 17:13:25 | t1=1748884415.301064 | delta=0.048s
2025-06-02 19:13:35,301 | INFO | [2025-06-02 17:13:25] Message non reconnu comme signal : Envoyez moi “VIP” 👉🏻 @FXBDARIJA 📈
2025-06-02 19:39:08,438 | INFO | Signal reçu | Telegram | 2025-06-02 17:39:03 | Début traitement | t0=1748885948.3882153
2025-06-02 19:39:08,438 | INFO | Message reçu mais non reconnu comme signal exploitable (symbole, type, TP, SL nécessaires).
2025-06-02 19:39:08,438 | INFO | Signal parsé | 2025-06-02 17:39:03 | t1=1748885948.4384372 | delta=0.050s
2025-06-02 19:39:08,438 | INFO | [2025-06-02 17:39:03] Message non reconnu comme signal : Envoyez moi “VIP” 👉🏻 @FXBDARIJA 📈
2025-06-02 21:10:52,957 | INFO | Got difference for channel 1311425945 updates
2025-06-02 22:03:10,139 | INFO | Signal reçu | Telegram | 2025-06-02 20:02:42 | Début traitement | t0=1748894590.0922635
2025-06-02 22:03:10,139 | INFO | Message reçu mais non reconnu comme signal exploitable (symbole, type, TP, SL nécessaires).
2025-06-02 22:03:10,139 | INFO | Signal parsé | 2025-06-02 20:02:42 | t1=1748894590.1399639 | delta=0.048s
2025-06-02 22:03:10,139 | INFO | [2025-06-02 20:02:42] Message non reconnu comme signal : Arrêtez de perdre le temps ☝🏻
2025-06-03 02:10:53,645 | INFO | Got difference for channel 2529903117 updates
2025-06-03 09:17:21,148 | INFO | Got difference for channel 2532682976 updates
2025-06-03 10:08:33,417 | INFO | Signal reçu | Telegram | 2025-06-03 08:08:34 | Début traitement | t0=1748938113.3066754
2025-06-03 10:08:33,417 | INFO | Signal parsé | 2025-06-03 08:08:34 | t1=1748938113.4174657 | delta=0.111s
2025-06-03 10:08:33,417 | INFO | 
=== Signal de trading détecté ===
Date/heure : 2025-06-03 08:08:34
Groupe/canal : Forex B’darija VIP 3.0 👑
Expéditeur : Forex B’darija VIP 3.0 👑
Signal parsé : {'symbol': 'XAUUSD', 'type': 'BUY', 'entries': [], 'tp': [3365.0, 3368.0, 3380.0], 'sl': 3357.0}
===============================

2025-06-03 10:08:33,486 | INFO | MT5 | Récupération tick | XAUUSD | t_tick=1748938113.4813755 | delta=0.000s
2025-06-03 10:08:33,487 | INFO | MT5 | Détermination prix entrée | XAUUSD | t_price=1748938113.487304 | delta=0.006s
2025-06-03 10:08:33,488 | INFO | MT5 | Envoi ordre | XAUUSD | t_send=1748938113.4883006 | delta=0.001s | Request: {'action': 1, 'symbol': 'XAUUSD', 'volume': 0.03, 'type': 0, 'price': 3363.53, 'sl': 3357.0, 'tp': 3365.0, 'deviation': 30, 'magic': 123456, 'comment': 'TelegramAuto', 'type_time': 0, 'type_filling': 2}
2025-06-03 10:08:33,514 | INFO | MT5 | Réponse reçue | XAUUSD | t_result=1748938113.514417 | delta=0.026s | Résultat: OrderSendResult(retcode=10009, deal=150647971738, order=150655423242, volume=0.03, price=3363.53, bid=3363.36, ask=3363.53, comment='Request executed', request_id=3917391912, retcode_external=0, request=TradeRequest(action=1, magic=123456, order=0, symbol='XAUUSD', volume=0.03, price=3363.53, stoplimit=0.0, sl=3357.0, tp=3365.0, deviation=30, type=0, type_filling=2, type_time=0, expiration=0, comment='TelegramAuto', position=0, position_by=0))
2025-06-03 10:08:33,621 | INFO | MT5 | Récupération tick | XAUUSD | t_tick=1748938113.6215646 | delta=0.000s
2025-06-03 10:08:33,702 | INFO | MT5 | Détermination prix entrée | XAUUSD | t_price=1748938113.7028813 | delta=0.081s
2025-06-03 10:08:33,705 | INFO | MT5 | Envoi ordre | XAUUSD | t_send=1748938113.705281 | delta=0.002s | Request: {'action': 1, 'symbol': 'XAUUSD', 'volume': 0.03, 'type': 0, 'price': 3363.53, 'sl': 3357.0, 'tp': 3365.0, 'deviation': 30, 'magic': 123456, 'comment': 'TelegramAuto', 'type_time': 0, 'type_filling': 2}
2025-06-03 10:08:33,722 | INFO | MT5 | Réponse reçue | XAUUSD | t_result=1748938113.722281 | delta=0.017s | Résultat: OrderSendResult(retcode=10009, deal=150647971740, order=150655423244, volume=0.03, price=3363.53, bid=3363.36, ask=3363.53, comment='Request executed', request_id=3917391913, retcode_external=0, request=TradeRequest(action=1, magic=123456, order=0, symbol='XAUUSD', volume=0.03, price=3363.53, stoplimit=0.0, sl=3357.0, tp=3365.0, deviation=30, type=0, type_filling=2, type_time=0, expiration=0, comment='TelegramAuto', position=0, position_by=0))
2025-06-03 10:08:33,724 | INFO | MT5 | Récupération tick | XAUUSD | t_tick=1748938113.7242799 | delta=0.000s
2025-06-03 10:08:33,726 | INFO | MT5 | Détermination prix entrée | XAUUSD | t_price=1748938113.7267027 | delta=0.002s
2025-06-03 10:08:33,727 | INFO | MT5 | Envoi ordre | XAUUSD | t_send=1748938113.7277045 | delta=0.001s | Request: {'action': 1, 'symbol': 'XAUUSD', 'volume': 0.03, 'type': 0, 'price': 3363.53, 'sl': 3357.0, 'tp': 3365.0, 'deviation': 30, 'magic': 123456, 'comment': 'TelegramAuto', 'type_time': 0, 'type_filling': 2}
2025-06-03 10:08:33,872 | INFO | MT5 | Réponse reçue | XAUUSD | t_result=1748938113.8715782 | delta=0.144s | Résultat: OrderSendResult(retcode=10009, deal=150647971742, order=150655423247, volume=0.03, price=3363.53, bid=3363.36, ask=3363.53, comment='Request executed', request_id=3917391914, retcode_external=0, request=TradeRequest(action=1, magic=123456, order=0, symbol='XAUUSD', volume=0.03, price=3363.53, stoplimit=0.0, sl=3357.0, tp=3365.0, deviation=30, type=0, type_filling=2, type_time=0, expiration=0, comment='TelegramAuto', position=0, position_by=0))
2025-06-03 10:08:33,966 | INFO | Ordre envoyé à MT5 | 2025-06-03 08:08:34 | t2=1748938113.4813755 | delta=0.064s | Résultat: [{'ticket': 150655423242, 'symbol': 'XAUUSD', 'tp': 3365.0, 'sl': 3357.0}, {'ticket': 150655423244, 'symbol': 'XAUUSD', 'tp': 3365.0, 'sl': 3357.0}, {'ticket': 150655423247, 'symbol': 'XAUUSD', 'tp': 3365.0, 'sl': 3357.0}]
2025-06-03 10:08:33,966 | INFO | Réponse MT5 reçue | 2025-06-03 08:08:34 | t3=1748938113.9664066 | delta=0.485s | Total: 0.660s
2025-06-03 10:10:37,438 | INFO | Signal reçu | Telegram | 2025-06-03 08:10:37 | Début traitement | t0=1748938237.371928
2025-06-03 10:10:37,438 | INFO | Signal parsé | 2025-06-03 08:10:37 | t1=1748938237.4381604 | delta=0.066s
2025-06-03 10:10:37,438 | INFO | 
=== Signal de trading détecté ===
Date/heure : 2025-06-03 08:10:37
Groupe/canal : Forex B’darija VIP 3.0 👑
Expéditeur : Forex B’darija VIP 3.0 👑
Signal parsé : {'symbol': 'XAUUSD', 'type': 'BUY', 'entries': [], 'tp': [3363.0, 3366.0, 3378.0], 'sl': 3355.0}
===============================

2025-06-03 10:10:37,438 | INFO | MT5 | Récupération tick | XAUUSD | t_tick=1748938237.4381604 | delta=0.000s
2025-06-03 10:10:37,438 | INFO | MT5 | Détermination prix entrée | XAUUSD | t_price=1748938237.4381604 | delta=0.000s
2025-06-03 10:10:37,438 | INFO | MT5 | Envoi ordre | XAUUSD | t_send=1748938237.4381604 | delta=0.000s | Request: {'action': 1, 'symbol': 'XAUUSD', 'volume': 0.03, 'type': 0, 'price': 3362.55, 'sl': 3355.0, 'tp': 3363.0, 'deviation': 30, 'magic': 123456, 'comment': 'TelegramAuto', 'type_time': 0, 'type_filling': 2}
2025-06-03 10:10:37,529 | INFO | MT5 | Réponse reçue | XAUUSD | t_result=1748938237.5298588 | delta=0.092s | Résultat: OrderSendResult(retcode=10009, deal=150647975287, order=150655426857, volume=0.03, price=3362.55, bid=3362.38, ask=3362.55, comment='Request executed', request_id=3917391915, retcode_external=0, request=TradeRequest(action=1, magic=123456, order=0, symbol='XAUUSD', volume=0.03, price=3362.55, stoplimit=0.0, sl=3355.0, tp=3363.0, deviation=30, type=0, type_filling=2, type_time=0, expiration=0, comment='TelegramAuto', position=0, position_by=0))
2025-06-03 10:10:37,606 | INFO | MT5 | Récupération tick | XAUUSD | t_tick=1748938237.6063745 | delta=0.000s
2025-06-03 10:10:37,607 | INFO | MT5 | Détermination prix entrée | XAUUSD | t_price=1748938237.6073773 | delta=0.001s
2025-06-03 10:10:37,607 | INFO | MT5 | Envoi ordre | XAUUSD | t_send=1748938237.6073773 | delta=0.000s | Request: {'action': 1, 'symbol': 'XAUUSD', 'volume': 0.03, 'type': 0, 'price': 3362.55, 'sl': 3355.0, 'tp': 3363.0, 'deviation': 30, 'magic': 123456, 'comment': 'TelegramAuto', 'type_time': 0, 'type_filling': 2}
2025-06-03 10:10:37,626 | INFO | MT5 | Réponse reçue | XAUUSD | t_result=1748938237.6263762 | delta=0.019s | Résultat: OrderSendResult(retcode=10009, deal=150647975298, order=150655426868, volume=0.03, price=3362.55, bid=3362.38, ask=3362.55, comment='Request executed', request_id=3917391916, retcode_external=0, request=TradeRequest(action=1, magic=123456, order=0, symbol='XAUUSD', volume=0.03, price=3362.55, stoplimit=0.0, sl=3355.0, tp=3363.0, deviation=30, type=0, type_filling=2, type_time=0, expiration=0, comment='TelegramAuto', position=0, position_by=0))
2025-06-03 10:10:37,628 | INFO | MT5 | Récupération tick | XAUUSD | t_tick=1748938237.6283758 | delta=0.000s
2025-06-03 10:10:37,629 | INFO | MT5 | Détermination prix entrée | XAUUSD | t_price=1748938237.6293764 | delta=0.001s
2025-06-03 10:10:37,629 | INFO | MT5 | Envoi ordre | XAUUSD | t_send=1748938237.6293764 | delta=0.000s | Request: {'action': 1, 'symbol': 'XAUUSD', 'volume': 0.03, 'type': 0, 'price': 3362.55, 'sl': 3355.0, 'tp': 3363.0, 'deviation': 30, 'magic': 123456, 'comment': 'TelegramAuto', 'type_time': 0, 'type_filling': 2}
2025-06-03 10:10:37,727 | INFO | MT5 | Réponse reçue | XAUUSD | t_result=1748938237.7270823 | delta=0.098s | Résultat: OrderSendResult(retcode=10009, deal=150647975301, order=150655426870, volume=0.03, price=3362.55, bid=3362.38, ask=3362.55, comment='Request executed', request_id=3917391917, retcode_external=0, request=TradeRequest(action=1, magic=123456, order=0, symbol='XAUUSD', volume=0.03, price=3362.55, stoplimit=0.0, sl=3355.0, tp=3363.0, deviation=30, type=0, type_filling=2, type_time=0, expiration=0, comment='TelegramAuto', position=0, position_by=0))
2025-06-03 10:10:38,000 | INFO | Ordre envoyé à MT5 | 2025-06-03 08:10:37 | t2=1748938237.4381604 | delta=0.000s | Résultat: [{'ticket': 150655426857, 'symbol': 'XAUUSD', 'tp': 3363.0, 'sl': 3355.0}, {'ticket': 150655426868, 'symbol': 'XAUUSD', 'tp': 3363.0, 'sl': 3355.0}, {'ticket': 150655426870, 'symbol': 'XAUUSD', 'tp': 3363.0, 'sl': 3355.0}]
2025-06-03 10:10:38,001 | INFO | Réponse MT5 reçue | 2025-06-03 08:10:37 | t3=1748938238.0004332 | delta=0.562s | Total: 0.629s
2025-06-03 10:10:54,773 | INFO | Got difference for account updates
2025-06-03 10:10:54,773 | INFO | Signal reçu | Telegram | 2025-06-03 08:10:41 | Début traitement | t0=1748938254.7731106
2025-06-03 10:10:54,773 | INFO | Signal parsé | 2025-06-03 08:10:41 | t1=1748938254.7731106 | delta=0.000s
2025-06-03 10:10:54,773 | INFO | 
=== Signal de trading détecté ===
Date/heure : 2025-06-03 08:10:41
Groupe/canal : Forex b’darija 📊
Expéditeur : Forex b’darija 📊
Signal parsé : {'symbol': 'XAUUSD', 'type': 'BUY', 'entries': [], 'tp': [3363.0, 3366.0, 3378.0], 'sl': 3355.0}
===============================

2025-06-03 10:10:54,773 | INFO | MT5 | Récupération tick | XAUUSD | t_tick=1748938254.7731106 | delta=0.000s
2025-06-03 10:10:54,773 | INFO | MT5 | Détermination prix entrée | XAUUSD | t_price=1748938254.7731106 | delta=0.000s
2025-06-03 10:10:54,773 | INFO | MT5 | Envoi ordre | XAUUSD | t_send=1748938254.7731106 | delta=0.000s | Request: {'action': 1, 'symbol': 'XAUUSD', 'volume': 0.03, 'type': 0, 'price': 3362.4, 'sl': 3355.0, 'tp': 3363.0, 'deviation': 30, 'magic': 123456, 'comment': 'TelegramAuto', 'type_time': 0, 'type_filling': 2}
2025-06-03 10:10:54,849 | INFO | MT5 | Réponse reçue | XAUUSD | t_result=1748938254.849577 | delta=0.076s | Résultat: OrderSendResult(retcode=10009, deal=150647975794, order=150655427351, volume=0.03, price=3362.4, bid=3362.23, ask=3362.4, comment='Request executed', request_id=3917391918, retcode_external=0, request=TradeRequest(action=1, magic=123456, order=0, symbol='XAUUSD', volume=0.03, price=3362.4, stoplimit=0.0, sl=3355.0, tp=3363.0, deviation=30, type=0, type_filling=2, type_time=0, expiration=0, comment='TelegramAuto', position=0, position_by=0))
2025-06-03 10:10:54,856 | INFO | MT5 | Récupération tick | XAUUSD | t_tick=1748938254.856603 | delta=0.000s
2025-06-03 10:10:54,857 | INFO | MT5 | Détermination prix entrée | XAUUSD | t_price=1748938254.8575974 | delta=0.001s
2025-06-03 10:10:54,858 | INFO | MT5 | Envoi ordre | XAUUSD | t_send=1748938254.8585997 | delta=0.001s | Request: {'action': 1, 'symbol': 'XAUUSD', 'volume': 0.03, 'type': 0, 'price': 3362.4, 'sl': 3355.0, 'tp': 3363.0, 'deviation': 30, 'magic': 123456, 'comment': 'TelegramAuto', 'type_time': 0, 'type_filling': 2}
2025-06-03 10:10:54,876 | INFO | MT5 | Réponse reçue | XAUUSD | t_result=1748938254.8766003 | delta=0.018s | Résultat: OrderSendResult(retcode=10009, deal=150647975797, order=150655427354, volume=0.03, price=3362.4, bid=3362.23, ask=3362.4, comment='Request executed', request_id=3917391919, retcode_external=0, request=TradeRequest(action=1, magic=123456, order=0, symbol='XAUUSD', volume=0.03, price=3362.4, stoplimit=0.0, sl=3355.0, tp=3363.0, deviation=30, type=0, type_filling=2, type_time=0, expiration=0, comment='TelegramAuto', position=0, position_by=0))
2025-06-03 10:10:55,184 | INFO | MT5 | Récupération tick | XAUUSD | t_tick=1748938255.1847506 | delta=0.000s
2025-06-03 10:10:55,184 | INFO | MT5 | Détermination prix entrée | XAUUSD | t_price=1748938255.1847506 | delta=0.000s
2025-06-03 10:10:55,184 | INFO | MT5 | Envoi ordre | XAUUSD | t_send=1748938255.1847506 | delta=0.000s | Request: {'action': 1, 'symbol': 'XAUUSD', 'volume': 0.03, 'type': 0, 'price': 3362.45, 'sl': 3355.0, 'tp': 3363.0, 'deviation': 30, 'magic': 123456, 'comment': 'TelegramAuto', 'type_time': 0, 'type_filling': 2}
2025-06-03 10:10:55,364 | INFO | MT5 | Réponse reçue | XAUUSD | t_result=1748938255.364149 | delta=0.179s | Résultat: OrderSendResult(retcode=10009, deal=150647975804, order=150655427361, volume=0.03, price=3362.45, bid=3362.28, ask=3362.45, comment='Request executed', request_id=3917391920, retcode_external=0, request=TradeRequest(action=1, magic=123456, order=0, symbol='XAUUSD', volume=0.03, price=3362.45, stoplimit=0.0, sl=3355.0, tp=3363.0, deviation=30, type=0, type_filling=2, type_time=0, expiration=0, comment='TelegramAuto', position=0, position_by=0))
2025-06-03 10:10:55,408 | INFO | Ordre envoyé à MT5 | 2025-06-03 08:10:41 | t2=1748938254.7731106 | delta=0.000s | Résultat: [{'ticket': 150655427351, 'symbol': 'XAUUSD', 'tp': 3363.0, 'sl': 3355.0}, {'ticket': 150655427354, 'symbol': 'XAUUSD', 'tp': 3363.0, 'sl': 3355.0}, {'ticket': 150655427361, 'symbol': 'XAUUSD', 'tp': 3363.0, 'sl': 3355.0}]
2025-06-03 10:10:55,408 | INFO | Réponse MT5 reçue | 2025-06-03 08:10:41 | t3=1748938255.408963 | delta=0.636s | Total: 0.636s
2025-06-03 10:15:21,521 | INFO | Signal reçu | Telegram | 2025-06-03 08:15:09 | Début traitement | t0=1748938521.4584467
2025-06-03 10:15:21,521 | INFO | Message reçu mais non reconnu comme signal exploitable (symbole, type, TP, SL nécessaires).
2025-06-03 10:15:21,521 | INFO | Signal parsé | 2025-06-03 08:15:09 | t1=1748938521.5218735 | delta=0.063s
2025-06-03 10:15:21,521 | INFO | [2025-06-03 08:15:09] Message non reconnu comme signal : TP1 hit ✅ +20 pips
2025-06-03 10:20:10,698 | INFO | Signal reçu | Telegram | 2025-06-03 08:20:08 | Début traitement | t0=1748938810.6517797
2025-06-03 10:20:10,735 | INFO | Message reçu mais non reconnu comme signal exploitable (symbole, type, TP, SL nécessaires).
2025-06-03 10:20:10,736 | INFO | Signal parsé | 2025-06-03 08:20:08 | t1=1748938810.7361584 | delta=0.084s
2025-06-03 10:20:10,736 | INFO | [2025-06-03 08:20:08] Message non reconnu comme signal : +30 pips en cours ✅
2025-06-03 10:40:55,302 | INFO | Got difference for channel 1311425945 updates
2025-06-03 11:03:42,171 | INFO | Signal reçu | Telegram | 2025-06-03 09:03:43 | Début traitement | t0=1748941422.1173508
2025-06-03 11:03:42,171 | INFO | Signal parsé | 2025-06-03 09:03:43 | t1=1748941422.1714752 | delta=0.054s
2025-06-03 11:03:42,171 | INFO | 
=== Signal de trading détecté ===
Date/heure : 2025-06-03 09:03:43
Groupe/canal : Forex B’darija VIP 3.0 👑
Expéditeur : Forex B’darija VIP 3.0 👑
Signal parsé : {'symbol': 'EURJPY', 'type': 'BUY', 'entries': [], 'tp': [163.1, 163.4, 163.9], 'sl': 162.4}
===============================

2025-06-03 11:03:42,187 | INFO | MT5 | Récupération tick | EURJPY | t_tick=1748941422.1871064 | delta=0.000s
2025-06-03 11:03:42,187 | INFO | MT5 | Détermination prix entrée | EURJPY | t_price=1748941422.1871064 | delta=0.000s
2025-06-03 11:03:42,187 | INFO | MT5 | Envoi ordre | EURJPY | t_send=1748941422.1871064 | delta=0.000s | Request: {'action': 1, 'symbol': 'EURJPY', 'volume': 0.03, 'type': 0, 'price': 162.946, 'sl': 162.4, 'tp': 163.1, 'deviation': 30, 'magic': 123456, 'comment': 'TelegramAuto', 'type_time': 0, 'type_filling': 2}
2025-06-03 11:03:42,268 | INFO | MT5 | Réponse reçue | EURJPY | t_result=1748941422.2689931 | delta=0.082s | Résultat: OrderSendResult(retcode=10009, deal=150648062214, order=150655513786, volume=0.03, price=162.946, bid=162.926, ask=162.946, comment='Request executed', request_id=3917391921, retcode_external=0, request=TradeRequest(action=1, magic=123456, order=0, symbol='EURJPY', volume=0.03, price=162.946, stoplimit=0.0, sl=162.4, tp=163.1, deviation=30, type=0, type_filling=2, type_time=0, expiration=0, comment='TelegramAuto', position=0, position_by=0))
2025-06-03 11:03:42,276 | INFO | MT5 | Récupération tick | EURJPY | t_tick=1748941422.2767296 | delta=0.000s
2025-06-03 11:03:42,348 | INFO | MT5 | Détermination prix entrée | EURJPY | t_price=1748941422.348576 | delta=0.072s
2025-06-03 11:03:42,349 | INFO | MT5 | Envoi ordre | EURJPY | t_send=1748941422.3490853 | delta=0.001s | Request: {'action': 1, 'symbol': 'EURJPY', 'volume': 0.03, 'type': 0, 'price': 162.946, 'sl': 162.4, 'tp': 163.1, 'deviation': 30, 'magic': 123456, 'comment': 'TelegramAuto', 'type_time': 0, 'type_filling': 2}
2025-06-03 11:03:42,406 | INFO | MT5 | Réponse reçue | EURJPY | t_result=1748941422.4068255 | delta=0.058s | Résultat: OrderSendResult(retcode=10009, deal=150648062219, order=150655513791, volume=0.03, price=162.946, bid=162.926, ask=162.946, comment='Request executed', request_id=3917391922, retcode_external=0, request=TradeRequest(action=1, magic=123456, order=0, symbol='EURJPY', volume=0.03, price=162.946, stoplimit=0.0, sl=162.4, tp=163.1, deviation=30, type=0, type_filling=2, type_time=0, expiration=0, comment='TelegramAuto', position=0, position_by=0))
2025-06-03 11:03:42,408 | INFO | MT5 | Récupération tick | EURJPY | t_tick=1748941422.4088757 | delta=0.000s
2025-06-03 11:03:42,410 | INFO | MT5 | Détermination prix entrée | EURJPY | t_price=1748941422.410877 | delta=0.002s
2025-06-03 11:03:42,410 | INFO | MT5 | Envoi ordre | EURJPY | t_send=1748941422.410877 | delta=0.000s | Request: {'action': 1, 'symbol': 'EURJPY', 'volume': 0.03, 'type': 0, 'price': 162.946, 'sl': 162.4, 'tp': 163.1, 'deviation': 30, 'magic': 123456, 'comment': 'TelegramAuto', 'type_time': 0, 'type_filling': 2}
2025-06-03 11:03:42,497 | INFO | MT5 | Réponse reçue | EURJPY | t_result=1748941422.4972491 | delta=0.086s | Résultat: OrderSendResult(retcode=10009, deal=150648062220, order=150655513792, volume=0.03, price=162.946, bid=162.926, ask=162.946, comment='Request executed', request_id=3917391923, retcode_external=0, request=TradeRequest(action=1, magic=123456, order=0, symbol='EURJPY', volume=0.03, price=162.946, stoplimit=0.0, sl=162.4, tp=163.1, deviation=30, type=0, type_filling=2, type_time=0, expiration=0, comment='TelegramAuto', position=0, position_by=0))
2025-06-03 11:03:42,511 | INFO | Ordre envoyé à MT5 | 2025-06-03 09:03:43 | t2=1748941422.1871064 | delta=0.016s | Résultat: [{'ticket': 150655513786, 'symbol': 'EURJPY', 'tp': 163.1, 'sl': 162.4}, {'ticket': 150655513791, 'symbol': 'EURJPY', 'tp': 163.1, 'sl': 162.4}, {'ticket': 150655513792, 'symbol': 'EURJPY', 'tp': 163.1, 'sl': 162.4}]
2025-06-03 11:03:42,512 | INFO | Réponse MT5 reçue | 2025-06-03 09:03:43 | t3=1748941422.511498 | delta=0.324s | Total: 0.394s
2025-06-03 11:03:47,650 | INFO | Signal reçu | Telegram | 2025-06-03 09:03:48 | Début traitement | t0=1748941427.5228465
2025-06-03 11:03:47,650 | INFO | Signal parsé | 2025-06-03 09:03:48 | t1=1748941427.6507614 | delta=0.128s
2025-06-03 11:03:47,650 | INFO | 
=== Signal de trading détecté ===
Date/heure : 2025-06-03 09:03:48
Groupe/canal : Forex B’darija VIP 3.0 👑
Expéditeur : Forex B’darija VIP 3.0 👑
Signal parsé : {'symbol': 'EURJPY', 'type': 'BUY', 'entries': [], 'tp': [163.1, 163.4, 163.9], 'sl': 162.4}
===============================

2025-06-03 11:03:47,650 | INFO | MT5 | Récupération tick | EURJPY | t_tick=1748941427.6507614 | delta=0.000s
2025-06-03 11:03:47,662 | INFO | MT5 | Détermination prix entrée | EURJPY | t_price=1748941427.662716 | delta=0.012s
2025-06-03 11:03:47,663 | INFO | MT5 | Envoi ordre | EURJPY | t_send=1748941427.6637278 | delta=0.001s | Request: {'action': 1, 'symbol': 'EURJPY', 'volume': 0.03, 'type': 0, 'price': 162.944, 'sl': 162.4, 'tp': 163.1, 'deviation': 30, 'magic': 123456, 'comment': 'TelegramAuto', 'type_time': 0, 'type_filling': 2}
2025-06-03 11:03:47,773 | INFO | MT5 | Réponse reçue | EURJPY | t_result=1748941427.7736332 | delta=0.110s | Résultat: OrderSendResult(retcode=10009, deal=150648062329, order=150655513905, volume=0.03, price=162.944, bid=162.924, ask=162.944, comment='Request executed', request_id=3917391924, retcode_external=0, request=TradeRequest(action=1, magic=123456, order=0, symbol='EURJPY', volume=0.03, price=162.944, stoplimit=0.0, sl=162.4, tp=163.1, deviation=30, type=0, type_filling=2, type_time=0, expiration=0, comment='TelegramAuto', position=0, position_by=0))
2025-06-03 11:03:47,779 | INFO | MT5 | Récupération tick | EURJPY | t_tick=1748941427.779531 | delta=0.000s
2025-06-03 11:03:47,795 | INFO | MT5 | Détermination prix entrée | EURJPY | t_price=1748941427.7956226 | delta=0.016s
2025-06-03 11:03:47,798 | INFO | MT5 | Envoi ordre | EURJPY | t_send=1748941427.7986255 | delta=0.003s | Request: {'action': 1, 'symbol': 'EURJPY', 'volume': 0.03, 'type': 0, 'price': 162.944, 'sl': 162.4, 'tp': 163.1, 'deviation': 30, 'magic': 123456, 'comment': 'TelegramAuto', 'type_time': 0, 'type_filling': 2}
2025-06-03 11:03:47,861 | INFO | MT5 | Réponse reçue | EURJPY | t_result=1748941427.8613365 | delta=0.063s | Résultat: OrderSendResult(retcode=10009, deal=150648062330, order=150655513906, volume=0.03, price=162.944, bid=162.924, ask=162.944, comment='Request executed', request_id=3917391925, retcode_external=0, request=TradeRequest(action=1, magic=123456, order=0, symbol='EURJPY', volume=0.03, price=162.944, stoplimit=0.0, sl=162.4, tp=163.1, deviation=30, type=0, type_filling=2, type_time=0, expiration=0, comment='TelegramAuto', position=0, position_by=0))
2025-06-03 11:03:47,885 | INFO | MT5 | Récupération tick | EURJPY | t_tick=1748941427.885618 | delta=0.000s
2025-06-03 11:03:48,108 | INFO | MT5 | Détermination prix entrée | EURJPY | t_price=1748941428.1088688 | delta=0.223s
2025-06-03 11:03:48,256 | INFO | MT5 | Envoi ordre | EURJPY | t_send=1748941428.2566187 | delta=0.148s | Request: {'action': 1, 'symbol': 'EURJPY', 'volume': 0.03, 'type': 0, 'price': 162.944, 'sl': 162.4, 'tp': 163.1, 'deviation': 30, 'magic': 123456, 'comment': 'TelegramAuto', 'type_time': 0, 'type_filling': 2}
2025-06-03 11:03:48,433 | INFO | MT5 | Réponse reçue | EURJPY | t_result=1748941428.4329305 | delta=0.176s | Résultat: OrderSendResult(retcode=10021, deal=0, order=0, volume=0.0, price=0.0, bid=0.0, ask=0.0, comment='No prices', request_id=0, retcode_external=0, request=TradeRequest(action=1, magic=123456, order=0, symbol='EURJPY', volume=0.03, price=162.944, stoplimit=0.0, sl=162.4, tp=163.1, deviation=30, type=0, type_filling=2, type_time=0, expiration=0, comment='TelegramAuto', position=0, position_by=0))
2025-06-03 11:03:48,435 | INFO | Ordre envoyé à MT5 | 2025-06-03 09:03:48 | t2=1748941427.6507614 | delta=0.000s | Résultat: [{'ticket': 150655513905, 'symbol': 'EURJPY', 'tp': 163.1, 'sl': 162.4}, {'ticket': 150655513906, 'symbol': 'EURJPY', 'tp': 163.1, 'sl': 162.4}, {'error': 'Order failed: No prices'}]
2025-06-03 11:03:48,436 | INFO | Réponse MT5 reçue | 2025-06-03 09:03:48 | t3=1748941428.4354515 | delta=0.785s | Total: 0.913s
2025-06-03 11:05:09,914 | INFO | Signal reçu | Telegram | 2025-06-03 09:05:10 | Début traitement | t0=1748941509.8516548
2025-06-03 11:05:09,914 | INFO | Signal parsé | 2025-06-03 09:05:10 | t1=1748941509.9144633 | delta=0.063s
2025-06-03 11:05:09,914 | INFO | 
=== Signal de trading détecté ===
Date/heure : 2025-06-03 09:05:10
Groupe/canal : Forex B’darija VIP 3.0 👑
Expéditeur : Forex B’darija VIP 3.0 👑
Signal parsé : {'symbol': 'GBPJPY', 'type': 'BUY', 'entries': [], 'tp': [193.15, 193.45, 193.95], 'sl': 192.45}
===============================

2025-06-03 11:05:09,914 | INFO | MT5 | Récupération tick | GBPJPY | t_tick=1748941509.9144633 | delta=0.000s
2025-06-03 11:05:09,914 | INFO | MT5 | Détermination prix entrée | GBPJPY | t_price=1748941509.9144633 | delta=0.000s
2025-06-03 11:05:09,914 | INFO | MT5 | Envoi ordre | GBPJPY | t_send=1748941509.9144633 | delta=0.000s | Request: {'action': 1, 'symbol': 'GBPJPY', 'volume': 0.03, 'type': 0, 'price': 193.047, 'sl': 192.45, 'tp': 193.15, 'deviation': 30, 'magic': 123456, 'comment': 'TelegramAuto', 'type_time': 0, 'type_filling': 2}
2025-06-03 11:05:09,988 | INFO | MT5 | Réponse reçue | GBPJPY | t_result=1748941509.9882452 | delta=0.074s | Résultat: OrderSendResult(retcode=10009, deal=150648064727, order=150655516297, volume=0.03, price=193.047, bid=193.009, ask=193.047, comment='Request executed', request_id=3917391926, retcode_external=0, request=TradeRequest(action=1, magic=123456, order=0, symbol='GBPJPY', volume=0.03, price=193.047, stoplimit=0.0, sl=192.45, tp=193.15, deviation=30, type=0, type_filling=2, type_time=0, expiration=0, comment='TelegramAuto', position=0, position_by=0))
2025-06-03 11:05:09,994 | INFO | MT5 | Récupération tick | GBPJPY | t_tick=1748941509.9948192 | delta=0.001s
2025-06-03 11:05:09,994 | INFO | MT5 | Détermination prix entrée | GBPJPY | t_price=1748941509.9948192 | delta=0.000s
2025-06-03 11:05:09,996 | INFO | MT5 | Envoi ordre | GBPJPY | t_send=1748941509.9968202 | delta=0.002s | Request: {'action': 1, 'symbol': 'GBPJPY', 'volume': 0.03, 'type': 0, 'price': 193.047, 'sl': 192.45, 'tp': 193.15, 'deviation': 30, 'magic': 123456, 'comment': 'TelegramAuto', 'type_time': 0, 'type_filling': 2}
2025-06-03 11:05:10,072 | INFO | MT5 | Réponse reçue | GBPJPY | t_result=1748941510.0725143 | delta=0.076s | Résultat: OrderSendResult(retcode=10009, deal=150648064728, order=150655516298, volume=0.03, price=193.047, bid=193.006, ask=193.047, comment='Request executed', request_id=3917391927, retcode_external=0, request=TradeRequest(action=1, magic=123456, order=0, symbol='GBPJPY', volume=0.03, price=193.047, stoplimit=0.0, sl=192.45, tp=193.15, deviation=30, type=0, type_filling=2, type_time=0, expiration=0, comment='TelegramAuto', position=0, position_by=0))
2025-06-03 11:05:10,081 | INFO | MT5 | Récupération tick | GBPJPY | t_tick=1748941510.0808628 | delta=0.000s
2025-06-03 11:05:10,081 | INFO | MT5 | Détermination prix entrée | GBPJPY | t_price=1748941510.081783 | delta=0.001s
2025-06-03 11:05:10,082 | INFO | MT5 | Envoi ordre | GBPJPY | t_send=1748941510.081783 | delta=0.000s | Request: {'action': 1, 'symbol': 'GBPJPY', 'volume': 0.03, 'type': 0, 'price': 193.047, 'sl': 192.45, 'tp': 193.15, 'deviation': 30, 'magic': 123456, 'comment': 'TelegramAuto', 'type_time': 0, 'type_filling': 2}
2025-06-03 11:05:10,133 | INFO | MT5 | Réponse reçue | GBPJPY | t_result=1748941510.133396 | delta=0.052s | Résultat: OrderSendResult(retcode=10009, deal=150648064729, order=150655516299, volume=0.03, price=193.047, bid=193.006, ask=193.047, comment='Request executed', request_id=3917391928, retcode_external=0, request=TradeRequest(action=1, magic=123456, order=0, symbol='GBPJPY', volume=0.03, price=193.047, stoplimit=0.0, sl=192.45, tp=193.15, deviation=30, type=0, type_filling=2, type_time=0, expiration=0, comment='TelegramAuto', position=0, position_by=0))
2025-06-03 11:05:10,396 | INFO | Ordre envoyé à MT5 | 2025-06-03 09:05:10 | t2=1748941509.9144633 | delta=0.000s | Résultat: [{'ticket': 150655516297, 'symbol': 'GBPJPY', 'tp': 193.15, 'sl': 192.45}, {'ticket': 150655516298, 'symbol': 'GBPJPY', 'tp': 193.15, 'sl': 192.45}, {'ticket': 150655516299, 'symbol': 'GBPJPY', 'tp': 193.15, 'sl': 192.45}]
2025-06-03 11:05:10,396 | INFO | Réponse MT5 reçue | 2025-06-03 09:05:10 | t3=1748941510.3960745 | delta=0.482s | Total: 0.544s
2025-06-03 11:05:18,365 | INFO | Signal reçu | Telegram | 2025-06-03 09:05:19 | Début traitement | t0=1748941518.3180883
2025-06-03 11:05:18,365 | INFO | Signal parsé | 2025-06-03 09:05:19 | t1=1748941518.365853 | delta=0.048s
2025-06-03 11:05:18,365 | INFO | 
=== Signal de trading détecté ===
Date/heure : 2025-06-03 09:05:19
Groupe/canal : Forex B’darija VIP 3.0 👑
Expéditeur : Forex B’darija VIP 3.0 👑
Signal parsé : {'symbol': 'GBPJPY', 'type': 'BUY', 'entries': [], 'tp': [193.15, 193.45, 193.95], 'sl': 192.45}
===============================

2025-06-03 11:05:18,365 | INFO | MT5 | Récupération tick | GBPJPY | t_tick=1748941518.365853 | delta=0.000s
2025-06-03 11:05:18,365 | INFO | MT5 | Détermination prix entrée | GBPJPY | t_price=1748941518.365853 | delta=0.000s
2025-06-03 11:05:18,365 | INFO | MT5 | Envoi ordre | GBPJPY | t_send=1748941518.365853 | delta=0.000s | Request: {'action': 1, 'symbol': 'GBPJPY', 'volume': 0.03, 'type': 0, 'price': 193.045, 'sl': 192.45, 'tp': 193.15, 'deviation': 30, 'magic': 123456, 'comment': 'TelegramAuto', 'type_time': 0, 'type_filling': 2}
2025-06-03 11:05:18,449 | INFO | MT5 | Réponse reçue | GBPJPY | t_result=1748941518.4490135 | delta=0.083s | Résultat: OrderSendResult(retcode=10009, deal=150648064968, order=150655516542, volume=0.03, price=193.045, bid=193.009, ask=193.045, comment='Request executed', request_id=3917391929, retcode_external=0, request=TradeRequest(action=1, magic=123456, order=0, symbol='GBPJPY', volume=0.03, price=193.045, stoplimit=0.0, sl=192.45, tp=193.15, deviation=30, type=0, type_filling=2, type_time=0, expiration=0, comment='TelegramAuto', position=0, position_by=0))
2025-06-03 11:05:18,453 | INFO | MT5 | Récupération tick | GBPJPY | t_tick=1748941518.4530854 | delta=0.000s
2025-06-03 11:05:18,453 | INFO | MT5 | Détermination prix entrée | GBPJPY | t_price=1748941518.4530854 | delta=0.000s
2025-06-03 11:05:18,454 | INFO | MT5 | Envoi ordre | GBPJPY | t_send=1748941518.454087 | delta=0.001s | Request: {'action': 1, 'symbol': 'GBPJPY', 'volume': 0.03, 'type': 0, 'price': 193.045, 'sl': 192.45, 'tp': 193.15, 'deviation': 30, 'magic': 123456, 'comment': 'TelegramAuto', 'type_time': 0, 'type_filling': 2}
2025-06-03 11:05:18,474 | INFO | MT5 | Réponse reçue | GBPJPY | t_result=1748941518.4740877 | delta=0.020s | Résultat: OrderSendResult(retcode=10009, deal=150648064971, order=150655516545, volume=0.03, price=193.045, bid=193.009, ask=193.045, comment='Request executed', request_id=3917391930, retcode_external=0, request=TradeRequest(action=1, magic=123456, order=0, symbol='GBPJPY', volume=0.03, price=193.045, stoplimit=0.0, sl=192.45, tp=193.15, deviation=30, type=0, type_filling=2, type_time=0, expiration=0, comment='TelegramAuto', position=0, position_by=0))
2025-06-03 11:05:18,533 | INFO | MT5 | Récupération tick | GBPJPY | t_tick=1748941518.5337965 | delta=0.000s
2025-06-03 11:05:18,537 | INFO | MT5 | Détermination prix entrée | GBPJPY | t_price=1748941518.5366833 | delta=0.003s
2025-06-03 11:05:18,537 | INFO | MT5 | Envoi ordre | GBPJPY | t_send=1748941518.53768 | delta=0.001s | Request: {'action': 1, 'symbol': 'GBPJPY', 'volume': 0.03, 'type': 0, 'price': 193.045, 'sl': 192.45, 'tp': 193.15, 'deviation': 30, 'magic': 123456, 'comment': 'TelegramAuto', 'type_time': 0, 'type_filling': 2}
2025-06-03 11:05:18,623 | INFO | MT5 | Réponse reçue | GBPJPY | t_result=1748941518.623438 | delta=0.086s | Résultat: OrderSendResult(retcode=10009, deal=150648064974, order=150655516548, volume=0.03, price=193.045, bid=193.009, ask=193.045, comment='Request executed', request_id=3917391931, retcode_external=0, request=TradeRequest(action=1, magic=123456, order=0, symbol='GBPJPY', volume=0.03, price=193.045, stoplimit=0.0, sl=192.45, tp=193.15, deviation=30, type=0, type_filling=2, type_time=0, expiration=0, comment='TelegramAuto', position=0, position_by=0))
2025-06-03 11:05:18,636 | INFO | Ordre envoyé à MT5 | 2025-06-03 09:05:19 | t2=1748941518.365853 | delta=0.000s | Résultat: [{'ticket': 150655516542, 'symbol': 'GBPJPY', 'tp': 193.15, 'sl': 192.45}, {'ticket': 150655516545, 'symbol': 'GBPJPY', 'tp': 193.15, 'sl': 192.45}, {'ticket': 150655516548, 'symbol': 'GBPJPY', 'tp': 193.15, 'sl': 192.45}]
2025-06-03 11:05:18,637 | INFO | Réponse MT5 reçue | 2025-06-03 09:05:19 | t3=1748941518.636277 | delta=0.270s | Total: 0.318s
2025-06-03 11:11:57,799 | INFO | Signal reçu | Telegram | 2025-06-03 09:11:58 | Début traitement | t0=1748941917.7514536
2025-06-03 11:11:57,799 | INFO | Signal parsé | 2025-06-03 09:11:58 | t1=1748941917.7991867 | delta=0.048s
2025-06-03 11:11:57,799 | INFO | 
=== Signal de trading détecté ===
Date/heure : 2025-06-03 09:11:58
Groupe/canal : Forex B’darija VIP 3.0 👑
Expéditeur : Forex B’darija VIP 3.0 👑
Signal parsé : {'symbol': 'EURCAD', 'type': 'BUY', 'entries': [], 'tp': [1.5677, 1.5707, 1.5757], 'sl': 1.5607}
===============================

2025-06-03 11:11:57,799 | INFO | MT5 | Récupération tick | EURCAD | t_tick=1748941917.7991867 | delta=0.000s
2025-06-03 11:11:57,799 | INFO | MT5 | Détermination prix entrée | EURCAD | t_price=1748941917.7991867 | delta=0.000s
2025-06-03 11:11:57,799 | INFO | MT5 | Envoi ordre | EURCAD | t_send=1748941917.7991867 | delta=0.000s | Request: {'action': 1, 'symbol': 'EURCAD', 'volume': 0.03, 'type': 0, 'price': 1.5666799999999999, 'sl': 1.5607, 'tp': 1.5677, 'deviation': 30, 'magic': 123456, 'comment': 'TelegramAuto', 'type_time': 0, 'type_filling': 2}
2025-06-03 11:11:57,881 | INFO | MT5 | Réponse reçue | EURCAD | t_result=1748941917.8810856 | delta=0.082s | Résultat: OrderSendResult(retcode=10009, deal=150648075973, order=150655527563, volume=0.03, price=1.5666799999999999, bid=1.56629, ask=1.5666799999999999, comment='Request executed', request_id=3917391932, retcode_external=0, request=TradeRequest(action=1, magic=123456, order=0, symbol='EURCAD', volume=0.03, price=1.5666799999999999, stoplimit=0.0, sl=1.5607, tp=1.5677, deviation=30, type=0, type_filling=2, type_time=0, expiration=0, comment='TelegramAuto', position=0, position_by=0))
2025-06-03 11:11:57,892 | INFO | MT5 | Récupération tick | EURCAD | t_tick=1748941917.8925135 | delta=0.000s
2025-06-03 11:11:57,893 | INFO | MT5 | Détermination prix entrée | EURCAD | t_price=1748941917.8935137 | delta=0.001s
2025-06-03 11:11:57,903 | INFO | MT5 | Envoi ordre | EURCAD | t_send=1748941917.903471 | delta=0.010s | Request: {'action': 1, 'symbol': 'EURCAD', 'volume': 0.03, 'type': 0, 'price': 1.5666799999999999, 'sl': 1.5607, 'tp': 1.5677, 'deviation': 30, 'magic': 123456, 'comment': 'TelegramAuto', 'type_time': 0, 'type_filling': 2}
2025-06-03 11:11:57,976 | INFO | MT5 | Réponse reçue | EURCAD | t_result=1748941917.9761186 | delta=0.073s | Résultat: OrderSendResult(retcode=10009, deal=150648075975, order=150655527565, volume=0.03, price=1.5666799999999999, bid=1.56629, ask=1.5666799999999999, comment='Request executed', request_id=3917391933, retcode_external=0, request=TradeRequest(action=1, magic=123456, order=0, symbol='EURCAD', volume=0.03, price=1.5666799999999999, stoplimit=0.0, sl=1.5607, tp=1.5677, deviation=30, type=0, type_filling=2, type_time=0, expiration=0, comment='TelegramAuto', position=0, position_by=0))
2025-06-03 11:11:57,984 | INFO | MT5 | Récupération tick | EURCAD | t_tick=1748941917.984556 | delta=0.000s
2025-06-03 11:11:57,984 | INFO | MT5 | Détermination prix entrée | EURCAD | t_price=1748941917.984556 | delta=0.000s
2025-06-03 11:11:57,985 | INFO | MT5 | Envoi ordre | EURCAD | t_send=1748941917.9855564 | delta=0.001s | Request: {'action': 1, 'symbol': 'EURCAD', 'volume': 0.03, 'type': 0, 'price': 1.5666799999999999, 'sl': 1.5607, 'tp': 1.5677, 'deviation': 30, 'magic': 123456, 'comment': 'TelegramAuto', 'type_time': 0, 'type_filling': 2}
2025-06-03 11:11:58,005 | INFO | MT5 | Réponse reçue | EURCAD | t_result=1748941918.005556 | delta=0.020s | Résultat: OrderSendResult(retcode=10009, deal=150648075978, order=150655527568, volume=0.03, price=1.5666799999999999, bid=1.56629, ask=1.5666799999999999, comment='Request executed', request_id=3917391934, retcode_external=0, request=TradeRequest(action=1, magic=123456, order=0, symbol='EURCAD', volume=0.03, price=1.5666799999999999, stoplimit=0.0, sl=1.5607, tp=1.5677, deviation=30, type=0, type_filling=2, type_time=0, expiration=0, comment='TelegramAuto', position=0, position_by=0))
2025-06-03 11:11:58,009 | INFO | Ordre envoyé à MT5 | 2025-06-03 09:11:58 | t2=1748941917.7991867 | delta=0.000s | Résultat: [{'ticket': 150655527563, 'symbol': 'EURCAD', 'tp': 1.5677, 'sl': 1.5607}, {'ticket': 150655527565, 'symbol': 'EURCAD', 'tp': 1.5677, 'sl': 1.5607}, {'ticket': 150655527568, 'symbol': 'EURCAD', 'tp': 1.5677, 'sl': 1.5607}]
2025-06-03 11:11:58,054 | INFO | Réponse MT5 reçue | 2025-06-03 09:11:58 | t3=1748941918.0098379 | delta=0.211s | Total: 0.258s
2025-06-03 11:12:01,674 | INFO | Signal reçu | Telegram | 2025-06-03 09:12:02 | Début traitement | t0=1748941921.6270504
2025-06-03 11:12:01,674 | INFO | Signal parsé | 2025-06-03 09:12:02 | t1=1748941921.6748772 | delta=0.048s
2025-06-03 11:12:01,674 | INFO | 
=== Signal de trading détecté ===
Date/heure : 2025-06-03 09:12:02
Groupe/canal : Forex B’darija VIP 3.0 👑
Expéditeur : Forex B’darija VIP 3.0 👑
Signal parsé : {'symbol': 'EURCAD', 'type': 'BUY', 'entries': [], 'tp': [1.5677, 1.5707, 1.5757], 'sl': 1.5607}
===============================

2025-06-03 11:12:01,674 | INFO | MT5 | Récupération tick | EURCAD | t_tick=1748941921.6748772 | delta=0.000s
2025-06-03 11:12:01,674 | INFO | MT5 | Détermination prix entrée | EURCAD | t_price=1748941921.6748772 | delta=0.000s
2025-06-03 11:12:01,674 | INFO | MT5 | Envoi ordre | EURCAD | t_send=1748941921.6748772 | delta=0.000s | Request: {'action': 1, 'symbol': 'EURCAD', 'volume': 0.03, 'type': 0, 'price': 1.5667200000000001, 'sl': 1.5607, 'tp': 1.5677, 'deviation': 30, 'magic': 123456, 'comment': 'TelegramAuto', 'type_time': 0, 'type_filling': 2}
2025-06-03 11:12:01,753 | INFO | MT5 | Réponse reçue | EURCAD | t_result=1748941921.753862 | delta=0.079s | Résultat: OrderSendResult(retcode=10009, deal=150648076053, order=150655527644, volume=0.03, price=1.5667200000000001, bid=1.56628, ask=1.5667200000000001, comment='Request executed', request_id=3917391935, retcode_external=0, request=TradeRequest(action=1, magic=123456, order=0, symbol='EURCAD', volume=0.03, price=1.5667200000000001, stoplimit=0.0, sl=1.5607, tp=1.5677, deviation=30, type=0, type_filling=2, type_time=0, expiration=0, comment='TelegramAuto', position=0, position_by=0))
2025-06-03 11:12:01,835 | INFO | MT5 | Récupération tick | EURCAD | t_tick=1748941921.8351727 | delta=0.000s
2025-06-03 11:12:01,836 | INFO | MT5 | Détermination prix entrée | EURCAD | t_price=1748941921.8362913 | delta=0.001s
2025-06-03 11:12:01,837 | INFO | MT5 | Envoi ordre | EURCAD | t_send=1748941921.837176 | delta=0.001s | Request: {'action': 1, 'symbol': 'EURCAD', 'volume': 0.03, 'type': 0, 'price': 1.5667200000000001, 'sl': 1.5607, 'tp': 1.5677, 'deviation': 30, 'magic': 123456, 'comment': 'TelegramAuto', 'type_time': 0, 'type_filling': 2}
2025-06-03 11:12:01,919 | INFO | MT5 | Réponse reçue | EURCAD | t_result=1748941921.9190416 | delta=0.082s | Résultat: OrderSendResult(retcode=10009, deal=150648076058, order=150655527649, volume=0.03, price=1.5667200000000001, bid=1.56628, ask=1.5667200000000001, comment='Request executed', request_id=3917391936, retcode_external=0, request=TradeRequest(action=1, magic=123456, order=0, symbol='EURCAD', volume=0.03, price=1.5667200000000001, stoplimit=0.0, sl=1.5607, tp=1.5677, deviation=30, type=0, type_filling=2, type_time=0, expiration=0, comment='TelegramAuto', position=0, position_by=0))
2025-06-03 11:12:01,928 | INFO | MT5 | Récupération tick | EURCAD | t_tick=1748941921.9285612 | delta=0.000s
2025-06-03 11:12:01,929 | INFO | MT5 | Détermination prix entrée | EURCAD | t_price=1748941921.9292948 | delta=0.001s
2025-06-03 11:12:01,929 | INFO | MT5 | Envoi ordre | EURCAD | t_send=1748941921.9295616 | delta=0.000s | Request: {'action': 1, 'symbol': 'EURCAD', 'volume': 0.03, 'type': 0, 'price': 1.5667200000000001, 'sl': 1.5607, 'tp': 1.5677, 'deviation': 30, 'magic': 123456, 'comment': 'TelegramAuto', 'type_time': 0, 'type_filling': 2}
2025-06-03 11:12:02,024 | INFO | MT5 | Réponse reçue | EURCAD | t_result=1748941922.024298 | delta=0.095s | Résultat: OrderSendResult(retcode=10009, deal=150648076061, order=150655527652, volume=0.03, price=1.5667200000000001, bid=1.56628, ask=1.5667200000000001, comment='Request executed', request_id=3917391937, retcode_external=0, request=TradeRequest(action=1, magic=123456, order=0, symbol='EURCAD', volume=0.03, price=1.5667200000000001, stoplimit=0.0, sl=1.5607, tp=1.5677, deviation=30, type=0, type_filling=2, type_time=0, expiration=0, comment='TelegramAuto', position=0, position_by=0))
2025-06-03 11:12:02,029 | INFO | Ordre envoyé à MT5 | 2025-06-03 09:12:02 | t2=1748941921.6748772 | delta=0.000s | Résultat: [{'ticket': 150655527644, 'symbol': 'EURCAD', 'tp': 1.5677, 'sl': 1.5607}, {'ticket': 150655527649, 'symbol': 'EURCAD', 'tp': 1.5677, 'sl': 1.5607}, {'ticket': 150655527652, 'symbol': 'EURCAD', 'tp': 1.5677, 'sl': 1.5607}]
2025-06-03 11:12:02,029 | INFO | Réponse MT5 reçue | 2025-06-03 09:12:02 | t3=1748941922.0294132 | delta=0.355s | Total: 0.402s
2025-06-03 11:14:51,638 | INFO | Signal reçu | Telegram | 2025-06-03 09:14:51 | Début traitement | t0=1748942091.5908408
2025-06-03 11:14:51,638 | INFO | Signal parsé | 2025-06-03 09:14:51 | t1=1748942091.6386313 | delta=0.048s
2025-06-03 11:14:51,638 | INFO | 
=== Signal de trading détecté ===
Date/heure : 2025-06-03 09:14:51
Groupe/canal : Forex B’darija VIP 3.0 👑
Expéditeur : Forex B’darija VIP 3.0 👑
Signal parsé : {'symbol': 'GBPCAD', 'type': 'BUY', 'entries': [], 'tp': [1.8575, 1.8605, 1.8655], 'sl': 1.8505}
===============================

2025-06-03 11:14:51,717 | INFO | MT5 | Récupération tick | GBPCAD | t_tick=1748942091.7176566 | delta=0.000s
2025-06-03 11:14:51,719 | INFO | MT5 | Détermination prix entrée | GBPCAD | t_price=1748942091.7186582 | delta=0.001s
2025-06-03 11:14:51,720 | INFO | MT5 | Envoi ordre | GBPCAD | t_send=1748942091.7206595 | delta=0.002s | Request: {'action': 1, 'symbol': 'GBPCAD', 'volume': 0.03, 'type': 0, 'price': 1.85641, 'sl': 1.8505, 'tp': 1.8575, 'deviation': 30, 'magic': 123456, 'comment': 'TelegramAuto', 'type_time': 0, 'type_filling': 2}
2025-06-03 11:14:51,814 | INFO | MT5 | Réponse reçue | GBPCAD | t_result=1748942091.8144145 | delta=0.094s | Résultat: OrderSendResult(retcode=10009, deal=150648080081, order=150655531728, volume=0.03, price=1.85641, bid=1.85576, ask=1.85641, comment='Request executed', request_id=3917391938, retcode_external=0, request=TradeRequest(action=1, magic=123456, order=0, symbol='GBPCAD', volume=0.03, price=1.85641, stoplimit=0.0, sl=1.8505, tp=1.8575, deviation=30, type=0, type_filling=2, type_time=0, expiration=0, comment='TelegramAuto', position=0, position_by=0))
2025-06-03 11:14:51,849 | INFO | MT5 | Récupération tick | GBPCAD | t_tick=1748942091.8493245 | delta=0.000s
2025-06-03 11:14:51,851 | INFO | MT5 | Détermination prix entrée | GBPCAD | t_price=1748942091.8514414 | delta=0.002s
2025-06-03 11:14:51,851 | INFO | MT5 | Envoi ordre | GBPCAD | t_send=1748942091.8514414 | delta=0.000s | Request: {'action': 1, 'symbol': 'GBPCAD', 'volume': 0.03, 'type': 0, 'price': 1.85641, 'sl': 1.8505, 'tp': 1.8575, 'deviation': 30, 'magic': 123456, 'comment': 'TelegramAuto', 'type_time': 0, 'type_filling': 2}
2025-06-03 11:14:51,871 | INFO | MT5 | Réponse reçue | GBPCAD | t_result=1748942091.871465 | delta=0.020s | Résultat: OrderSendResult(retcode=10009, deal=150648080083, order=150655531730, volume=0.03, price=1.85641, bid=1.85576, ask=1.85641, comment='Request executed', request_id=3917391939, retcode_external=0, request=TradeRequest(action=1, magic=123456, order=0, symbol='GBPCAD', volume=0.03, price=1.85641, stoplimit=0.0, sl=1.8505, tp=1.8575, deviation=30, type=0, type_filling=2, type_time=0, expiration=0, comment='TelegramAuto', position=0, position_by=0))
2025-06-03 11:14:51,875 | INFO | MT5 | Récupération tick | GBPCAD | t_tick=1748942091.875469 | delta=0.000s
2025-06-03 11:14:51,875 | INFO | MT5 | Détermination prix entrée | GBPCAD | t_price=1748942091.875469 | delta=0.000s
2025-06-03 11:14:51,876 | INFO | MT5 | Envoi ordre | GBPCAD | t_send=1748942091.876469 | delta=0.001s | Request: {'action': 1, 'symbol': 'GBPCAD', 'volume': 0.03, 'type': 0, 'price': 1.85641, 'sl': 1.8505, 'tp': 1.8575, 'deviation': 30, 'magic': 123456, 'comment': 'TelegramAuto', 'type_time': 0, 'type_filling': 2}
2025-06-03 11:14:51,995 | INFO | MT5 | Réponse reçue | GBPCAD | t_result=1748942091.9955626 | delta=0.119s | Résultat: OrderSendResult(retcode=10009, deal=150648080085, order=150655531732, volume=0.03, price=1.85641, bid=1.85576, ask=1.85641, comment='Request executed', request_id=3917391940, retcode_external=0, request=TradeRequest(action=1, magic=123456, order=0, symbol='GBPCAD', volume=0.03, price=1.85641, stoplimit=0.0, sl=1.8505, tp=1.8575, deviation=30, type=0, type_filling=2, type_time=0, expiration=0, comment='TelegramAuto', position=0, position_by=0))
2025-06-03 11:14:52,108 | INFO | Ordre envoyé à MT5 | 2025-06-03 09:14:51 | t2=1748942091.7176566 | delta=0.079s | Résultat: [{'ticket': 150655531728, 'symbol': 'GBPCAD', 'tp': 1.8575, 'sl': 1.8505}, {'ticket': 150655531730, 'symbol': 'GBPCAD', 'tp': 1.8575, 'sl': 1.8505}, {'ticket': 150655531732, 'symbol': 'GBPCAD', 'tp': 1.8575, 'sl': 1.8505}]
2025-06-03 11:14:52,109 | INFO | Réponse MT5 reçue | 2025-06-03 09:14:51 | t3=1748942092.108036 | delta=0.390s | Total: 0.517s
2025-06-03 11:14:54,977 | INFO | Signal reçu | Telegram | 2025-06-03 09:14:56 | Début traitement | t0=1748942094.8663354
2025-06-03 11:14:54,977 | INFO | Signal parsé | 2025-06-03 09:14:56 | t1=1748942094.9770312 | delta=0.111s
2025-06-03 11:14:54,977 | INFO | 
=== Signal de trading détecté ===
Date/heure : 2025-06-03 09:14:56
Groupe/canal : Forex B’darija VIP 3.0 👑
Expéditeur : Forex B’darija VIP 3.0 👑
Signal parsé : {'symbol': 'GBPCAD', 'type': 'BUY', 'entries': [], 'tp': [1.8575, 1.8605, 1.8655], 'sl': 1.8505}
===============================

2025-06-03 11:14:54,977 | INFO | MT5 | Récupération tick | GBPCAD | t_tick=1748942094.9770312 | delta=0.000s
2025-06-03 11:14:54,977 | INFO | MT5 | Détermination prix entrée | GBPCAD | t_price=1748942094.9770312 | delta=0.000s
2025-06-03 11:14:54,977 | INFO | MT5 | Envoi ordre | GBPCAD | t_send=1748942094.9770312 | delta=0.000s | Request: {'action': 1, 'symbol': 'GBPCAD', 'volume': 0.03, 'type': 0, 'price': 1.85637, 'sl': 1.8505, 'tp': 1.8575, 'deviation': 30, 'magic': 123456, 'comment': 'TelegramAuto', 'type_time': 0, 'type_filling': 2}
2025-06-03 11:14:55,053 | INFO | MT5 | Réponse reçue | GBPCAD | t_result=1748942095.0536392 | delta=0.077s | Résultat: OrderSendResult(retcode=10009, deal=150648080187, order=150655531835, volume=0.03, price=1.85637, bid=1.85565, ask=1.85637, comment='Request executed', request_id=3917391941, retcode_external=0, request=TradeRequest(action=1, magic=123456, order=0, symbol='GBPCAD', volume=0.03, price=1.85637, stoplimit=0.0, sl=1.8505, tp=1.8575, deviation=30, type=0, type_filling=2, type_time=0, expiration=0, comment='TelegramAuto', position=0, position_by=0))
2025-06-03 11:14:55,064 | INFO | MT5 | Récupération tick | GBPCAD | t_tick=1748942095.0640936 | delta=0.000s
2025-06-03 11:14:55,064 | INFO | MT5 | Détermination prix entrée | GBPCAD | t_price=1748942095.0640936 | delta=0.000s
2025-06-03 11:14:55,065 | INFO | MT5 | Envoi ordre | GBPCAD | t_send=1748942095.065094 | delta=0.001s | Request: {'action': 1, 'symbol': 'GBPCAD', 'volume': 0.03, 'type': 0, 'price': 1.85637, 'sl': 1.8505, 'tp': 1.8575, 'deviation': 30, 'magic': 123456, 'comment': 'TelegramAuto', 'type_time': 0, 'type_filling': 2}
2025-06-03 11:14:55,130 | INFO | MT5 | Réponse reçue | GBPCAD | t_result=1748942095.1306877 | delta=0.066s | Résultat: OrderSendResult(retcode=10009, deal=150648080189, order=150655531837, volume=0.03, price=1.85637, bid=1.85565, ask=1.85637, comment='Request executed', request_id=3917391942, retcode_external=0, request=TradeRequest(action=1, magic=123456, order=0, symbol='GBPCAD', volume=0.03, price=1.85637, stoplimit=0.0, sl=1.8505, tp=1.8575, deviation=30, type=0, type_filling=2, type_time=0, expiration=0, comment='TelegramAuto', position=0, position_by=0))
2025-06-03 11:14:55,142 | INFO | MT5 | Récupération tick | GBPCAD | t_tick=1748942095.1429183 | delta=0.000s
2025-06-03 11:14:55,142 | INFO | MT5 | Détermination prix entrée | GBPCAD | t_price=1748942095.1429183 | delta=0.000s
2025-06-03 11:14:55,143 | INFO | MT5 | Envoi ordre | GBPCAD | t_send=1748942095.1439188 | delta=0.001s | Request: {'action': 1, 'symbol': 'GBPCAD', 'volume': 0.03, 'type': 0, 'price': 1.85637, 'sl': 1.8505, 'tp': 1.8575, 'deviation': 30, 'magic': 123456, 'comment': 'TelegramAuto', 'type_time': 0, 'type_filling': 2}
2025-06-03 11:14:55,161 | INFO | MT5 | Réponse reçue | GBPCAD | t_result=1748942095.1618147 | delta=0.018s | Résultat: OrderSendResult(retcode=10009, deal=150648080192, order=150655531840, volume=0.03, price=1.85637, bid=1.85565, ask=1.85637, comment='Request executed', request_id=3917391943, retcode_external=0, request=TradeRequest(action=1, magic=123456, order=0, symbol='GBPCAD', volume=0.03, price=1.85637, stoplimit=0.0, sl=1.8505, tp=1.8575, deviation=30, type=0, type_filling=2, type_time=0, expiration=0, comment='TelegramAuto', position=0, position_by=0))
2025-06-03 11:14:56,024 | INFO | Ordre envoyé à MT5 | 2025-06-03 09:14:56 | t2=1748942094.9770312 | delta=0.000s | Résultat: [{'ticket': 150655531835, 'symbol': 'GBPCAD', 'tp': 1.8575, 'sl': 1.8505}, {'ticket': 150655531837, 'symbol': 'GBPCAD', 'tp': 1.8575, 'sl': 1.8505}, {'ticket': 150655531840, 'symbol': 'GBPCAD', 'tp': 1.8575, 'sl': 1.8505}]
2025-06-03 11:14:56,025 | INFO | Réponse MT5 reçue | 2025-06-03 09:14:56 | t3=1748942096.024443 | delta=1.047s | Total: 1.158s
2025-06-03 11:37:17,022 | INFO | Signal reçu | Telegram | 2025-06-03 09:37:17 | Début traitement | t0=1748943436.9749296
2025-06-03 11:37:17,022 | INFO | Signal parsé | 2025-06-03 09:37:17 | t1=1748943437.022028 | delta=0.047s
2025-06-03 11:37:17,022 | INFO | 
=== Signal de trading détecté ===
Date/heure : 2025-06-03 09:37:17
Groupe/canal : Forex B’darija VIP 3.0 👑
Expéditeur : Forex B’darija VIP 3.0 👑
Signal parsé : {'symbol': 'XAUUSD', 'type': 'SELL', 'entries': [], 'tp': [3357.5, 3354.5], 'sl': 3364.5}
===============================

2025-06-03 11:37:17,022 | INFO | MT5 | Récupération tick | XAUUSD | t_tick=1748943437.022028 | delta=0.000s
2025-06-03 11:37:17,022 | INFO | MT5 | Détermination prix entrée | XAUUSD | t_price=1748943437.022028 | delta=0.000s
2025-06-03 11:37:17,022 | INFO | MT5 | Envoi ordre | XAUUSD | t_send=1748943437.022028 | delta=0.000s | Request: {'action': 1, 'symbol': 'XAUUSD', 'volume': 0.03, 'type': 1, 'price': 3358.22, 'sl': 3364.5, 'tp': 3357.5, 'deviation': 30, 'magic': 123456, 'comment': 'TelegramAuto', 'type_time': 0, 'type_filling': 2}
2025-06-03 11:37:17,104 | INFO | MT5 | Réponse reçue | XAUUSD | t_result=1748943437.1043525 | delta=0.082s | Résultat: OrderSendResult(retcode=10009, deal=150648121388, order=150655572735, volume=0.03, price=3358.22, bid=3358.22, ask=3358.39, comment='Request executed', request_id=3917391944, retcode_external=0, request=TradeRequest(action=1, magic=123456, order=0, symbol='XAUUSD', volume=0.03, price=3358.22, stoplimit=0.0, sl=3364.5, tp=3357.5, deviation=30, type=1, type_filling=2, type_time=0, expiration=0, comment='TelegramAuto', position=0, position_by=0))
2025-06-03 11:37:17,112 | INFO | MT5 | Récupération tick | XAUUSD | t_tick=1748943437.1123474 | delta=0.000s
2025-06-03 11:37:17,143 | INFO | MT5 | Détermination prix entrée | XAUUSD | t_price=1748943437.1434877 | delta=0.031s
2025-06-03 11:37:17,147 | INFO | MT5 | Envoi ordre | XAUUSD | t_send=1748943437.1434877 | delta=0.000s | Request: {'action': 1, 'symbol': 'XAUUSD', 'volume': 0.03, 'type': 1, 'price': 3358.22, 'sl': 3364.5, 'tp': 3357.5, 'deviation': 30, 'magic': 123456, 'comment': 'TelegramAuto', 'type_time': 0, 'type_filling': 2}
2025-06-03 11:37:17,218 | INFO | MT5 | Réponse reçue | XAUUSD | t_result=1748943437.2182772 | delta=0.075s | Résultat: OrderSendResult(retcode=10009, deal=150648121393, order=150655572740, volume=0.03, price=3358.22, bid=3358.22, ask=3358.39, comment='Request executed', request_id=3917391945, retcode_external=0, request=TradeRequest(action=1, magic=123456, order=0, symbol='XAUUSD', volume=0.03, price=3358.22, stoplimit=0.0, sl=3364.5, tp=3357.5, deviation=30, type=1, type_filling=2, type_time=0, expiration=0, comment='TelegramAuto', position=0, position_by=0))
2025-06-03 11:37:17,229 | INFO | Ordre envoyé à MT5 | 2025-06-03 09:37:17 | t2=1748943437.022028 | delta=0.000s | Résultat: [{'ticket': 150655572735, 'symbol': 'XAUUSD', 'tp': 3357.5, 'sl': 3364.5}, {'ticket': 150655572740, 'symbol': 'XAUUSD', 'tp': 3357.5, 'sl': 3364.5}]
2025-06-03 11:37:17,231 | INFO | Réponse MT5 reçue | 2025-06-03 09:37:17 | t3=1748943437.2290442 | delta=0.207s | Total: 0.254s
2025-06-03 13:47:58,363 | INFO | Signal reçu | Telegram | 2025-06-03 11:47:57 | Début traitement | t0=1748951278.2637513
2025-06-03 13:47:58,363 | INFO | Signal parsé | 2025-06-03 11:47:57 | t1=1748951278.3639028 | delta=0.100s
2025-06-03 13:47:58,363 | INFO | 
=== Signal de trading détecté ===
Date/heure : 2025-06-03 11:47:57
Groupe/canal : Forex B’darija VIP 3.0 👑
Expéditeur : Forex B’darija VIP 3.0 👑
Signal parsé : {'symbol': 'EURCAD', 'type': 'BUY', 'entries': [], 'tp': [1.566, 1.569, 1.574], 'sl': 1.559}
===============================

2025-06-03 13:47:58,363 | INFO | MT5 | Récupération tick | EURCAD | t_tick=1748951278.3639028 | delta=0.000s
2025-06-03 13:47:58,363 | INFO | MT5 | Détermination prix entrée | EURCAD | t_price=1748951278.3639028 | delta=0.000s
2025-06-03 13:47:58,363 | INFO | MT5 | Envoi ordre | EURCAD | t_send=1748951278.3639028 | delta=0.000s | Request: {'action': 1, 'symbol': 'EURCAD', 'volume': 0.03, 'type': 0, 'price': 1.56497, 'sl': 1.559, 'tp': 1.566, 'deviation': 30, 'magic': 123456, 'comment': 'TelegramAuto', 'type_time': 0, 'type_filling': 2}
2025-06-03 13:47:58,389 | INFO | MT5 | Réponse reçue | EURCAD | t_result=1748951278.389487 | delta=0.026s | Résultat: OrderSendResult(retcode=10009, deal=150648351351, order=150655803765, volume=0.03, price=1.56497, bid=1.5645799999999999, ask=1.56497, comment='Request executed', request_id=3917391946, retcode_external=0, request=TradeRequest(action=1, magic=123456, order=0, symbol='EURCAD', volume=0.03, price=1.56497, stoplimit=0.0, sl=1.559, tp=1.566, deviation=30, type=0, type_filling=2, type_time=0, expiration=0, comment='TelegramAuto', position=0, position_by=0))
2025-06-03 13:47:58,407 | INFO | MT5 | Récupération tick | EURCAD | t_tick=1748951278.4075377 | delta=0.000s
2025-06-03 13:47:58,408 | INFO | MT5 | Détermination prix entrée | EURCAD | t_price=1748951278.4085371 | delta=0.001s
2025-06-03 13:47:58,409 | INFO | MT5 | Envoi ordre | EURCAD | t_send=1748951278.4085371 | delta=0.000s | Request: {'action': 1, 'symbol': 'EURCAD', 'volume': 0.03, 'type': 0, 'price': 1.56497, 'sl': 1.559, 'tp': 1.566, 'deviation': 30, 'magic': 123456, 'comment': 'TelegramAuto', 'type_time': 0, 'type_filling': 2}
2025-06-03 13:47:58,455 | INFO | MT5 | Réponse reçue | EURCAD | t_result=1748951278.455076 | delta=0.047s | Résultat: OrderSendResult(retcode=10009, deal=150648351353, order=150655803767, volume=0.03, price=1.56497, bid=1.5645799999999999, ask=1.56497, comment='Request executed', request_id=3917391947, retcode_external=0, request=TradeRequest(action=1, magic=123456, order=0, symbol='EURCAD', volume=0.03, price=1.56497, stoplimit=0.0, sl=1.559, tp=1.566, deviation=30, type=0, type_filling=2, type_time=0, expiration=0, comment='TelegramAuto', position=0, position_by=0))
2025-06-03 13:47:58,468 | INFO | MT5 | Récupération tick | EURCAD | t_tick=1748951278.4688897 | delta=0.000s
2025-06-03 13:47:58,468 | INFO | MT5 | Détermination prix entrée | EURCAD | t_price=1748951278.4688897 | delta=0.000s
2025-06-03 13:47:58,469 | INFO | MT5 | Envoi ordre | EURCAD | t_send=1748951278.4698904 | delta=0.001s | Request: {'action': 1, 'symbol': 'EURCAD', 'volume': 0.03, 'type': 0, 'price': 1.56497, 'sl': 1.559, 'tp': 1.566, 'deviation': 30, 'magic': 123456, 'comment': 'TelegramAuto', 'type_time': 0, 'type_filling': 2}
2025-06-03 13:47:58,543 | INFO | MT5 | Réponse reçue | EURCAD | t_result=1748951278.5434577 | delta=0.074s | Résultat: OrderSendResult(retcode=10009, deal=150648351356, order=150655803770, volume=0.03, price=1.56497, bid=1.5645799999999999, ask=1.56497, comment='Request executed', request_id=3917391948, retcode_external=0, request=TradeRequest(action=1, magic=123456, order=0, symbol='EURCAD', volume=0.03, price=1.56497, stoplimit=0.0, sl=1.559, tp=1.566, deviation=30, type=0, type_filling=2, type_time=0, expiration=0, comment='TelegramAuto', position=0, position_by=0))
2025-06-03 13:47:58,584 | INFO | Ordre envoyé à MT5 | 2025-06-03 11:47:57 | t2=1748951278.3639028 | delta=0.000s | Résultat: [{'ticket': 150655803765, 'symbol': 'EURCAD', 'tp': 1.566, 'sl': 1.559}, {'ticket': 150655803767, 'symbol': 'EURCAD', 'tp': 1.566, 'sl': 1.559}, {'ticket': 150655803770, 'symbol': 'EURCAD', 'tp': 1.566, 'sl': 1.559}]
2025-06-03 13:47:58,600 | INFO | Réponse MT5 reçue | 2025-06-03 11:47:57 | t3=1748951278.5841854 | delta=0.220s | Total: 0.320s
2025-06-03 13:48:04,569 | INFO | Signal reçu | Telegram | 2025-06-03 11:48:02 | Début traitement | t0=1748951284.3456068
2025-06-03 13:48:04,569 | INFO | Signal parsé | 2025-06-03 11:48:02 | t1=1748951284.5690808 | delta=0.223s
2025-06-03 13:48:04,569 | INFO | 
=== Signal de trading détecté ===
Date/heure : 2025-06-03 11:48:02
Groupe/canal : Forex B’darija VIP 3.0 👑
Expéditeur : Forex B’darija VIP 3.0 👑
Signal parsé : {'symbol': 'EURCAD', 'type': 'BUY', 'entries': [], 'tp': [1.566, 1.569, 1.574], 'sl': 1.559}
===============================

2025-06-03 13:48:04,584 | INFO | MT5 | Récupération tick | EURCAD | t_tick=1748951284.5845912 | delta=0.000s
2025-06-03 13:48:04,584 | INFO | MT5 | Détermination prix entrée | EURCAD | t_price=1748951284.5845912 | delta=0.000s
2025-06-03 13:48:04,584 | INFO | MT5 | Envoi ordre | EURCAD | t_send=1748951284.5845912 | delta=0.000s | Request: {'action': 1, 'symbol': 'EURCAD', 'volume': 0.03, 'type': 0, 'price': 1.56497, 'sl': 1.559, 'tp': 1.566, 'deviation': 30, 'magic': 123456, 'comment': 'TelegramAuto', 'type_time': 0, 'type_filling': 2}
2025-06-03 13:48:04,668 | INFO | MT5 | Réponse reçue | EURCAD | t_result=1748951284.6670547 | delta=0.082s | Résultat: OrderSendResult(retcode=10009, deal=150648351486, order=150655803906, volume=0.03, price=1.56497, bid=1.5645799999999999, ask=1.56497, comment='Request executed', request_id=3917391949, retcode_external=0, request=TradeRequest(action=1, magic=123456, order=0, symbol='EURCAD', volume=0.03, price=1.56497, stoplimit=0.0, sl=1.559, tp=1.566, deviation=30, type=0, type_filling=2, type_time=0, expiration=0, comment='TelegramAuto', position=0, position_by=0))
2025-06-03 13:48:04,974 | INFO | MT5 | Récupération tick | EURCAD | t_tick=1748951284.9742773 | delta=0.000s
2025-06-03 13:48:05,027 | INFO | MT5 | Détermination prix entrée | EURCAD | t_price=1748951285.0276644 | delta=0.053s
2025-06-03 13:48:05,029 | INFO | MT5 | Envoi ordre | EURCAD | t_send=1748951285.02908 | delta=0.001s | Request: {'action': 1, 'symbol': 'EURCAD', 'volume': 0.03, 'type': 0, 'price': 1.56497, 'sl': 1.559, 'tp': 1.566, 'deviation': 30, 'magic': 123456, 'comment': 'TelegramAuto', 'type_time': 0, 'type_filling': 2}
2025-06-03 13:48:05,118 | INFO | MT5 | Réponse reçue | EURCAD | t_result=1748951285.1184127 | delta=0.089s | Résultat: OrderSendResult(retcode=10009, deal=150648351496, order=150655803915, volume=0.03, price=1.56497, bid=1.5645799999999999, ask=1.56497, comment='Request executed', request_id=3917391950, retcode_external=0, request=TradeRequest(action=1, magic=123456, order=0, symbol='EURCAD', volume=0.03, price=1.56497, stoplimit=0.0, sl=1.559, tp=1.566, deviation=30, type=0, type_filling=2, type_time=0, expiration=0, comment='TelegramAuto', position=0, position_by=0))
2025-06-03 13:48:05,125 | INFO | MT5 | Récupération tick | EURCAD | t_tick=1748951285.1251564 | delta=0.000s
2025-06-03 13:48:05,126 | INFO | MT5 | Détermination prix entrée | EURCAD | t_price=1748951285.1261585 | delta=0.001s
2025-06-03 13:48:05,126 | INFO | MT5 | Envoi ordre | EURCAD | t_send=1748951285.1261585 | delta=0.000s | Request: {'action': 1, 'symbol': 'EURCAD', 'volume': 0.03, 'type': 0, 'price': 1.56497, 'sl': 1.559, 'tp': 1.566, 'deviation': 30, 'magic': 123456, 'comment': 'TelegramAuto', 'type_time': 0, 'type_filling': 2}
2025-06-03 13:48:05,274 | INFO | MT5 | Réponse reçue | EURCAD | t_result=1748951285.274674 | delta=0.149s | Résultat: OrderSendResult(retcode=10009, deal=150648351498, order=150655803917, volume=0.03, price=1.56497, bid=1.5645799999999999, ask=1.56497, comment='Request executed', request_id=3917391951, retcode_external=0, request=TradeRequest(action=1, magic=123456, order=0, symbol='EURCAD', volume=0.03, price=1.56497, stoplimit=0.0, sl=1.559, tp=1.566, deviation=30, type=0, type_filling=2, type_time=0, expiration=0, comment='TelegramAuto', position=0, position_by=0))
2025-06-03 13:48:05,276 | INFO | Ordre envoyé à MT5 | 2025-06-03 11:48:02 | t2=1748951284.5845912 | delta=0.016s | Résultat: [{'ticket': 150655803906, 'symbol': 'EURCAD', 'tp': 1.566, 'sl': 1.559}, {'ticket': 150655803915, 'symbol': 'EURCAD', 'tp': 1.566, 'sl': 1.559}, {'ticket': 150655803917, 'symbol': 'EURCAD', 'tp': 1.566, 'sl': 1.559}]
2025-06-03 13:48:05,277 | INFO | Réponse MT5 reçue | 2025-06-03 11:48:02 | t3=1748951285.2768328 | delta=0.692s | Total: 0.931s
2025-06-03 13:49:11,064 | INFO | Signal reçu | Telegram | 2025-06-03 11:49:10 | Début traitement | t0=1748951351.0282946
2025-06-03 13:49:11,064 | INFO | Signal parsé | 2025-06-03 11:49:10 | t1=1748951351.0640736 | delta=0.036s
2025-06-03 13:49:11,064 | INFO | 
=== Signal de trading détecté ===
Date/heure : 2025-06-03 11:49:10
Groupe/canal : Forex B’darija VIP 3.0 👑
Expéditeur : Forex B’darija VIP 3.0 👑
Signal parsé : {'symbol': 'GBPCAD', 'type': 'BUY', 'entries': [], 'tp': [1.856, 1.859, 1.864], 'sl': 1.849}
===============================

2025-06-03 13:49:11,064 | INFO | MT5 | Récupération tick | GBPCAD | t_tick=1748951351.0640736 | delta=0.000s
2025-06-03 13:49:11,064 | INFO | MT5 | Détermination prix entrée | GBPCAD | t_price=1748951351.0640736 | delta=0.000s
2025-06-03 13:49:11,064 | INFO | MT5 | Envoi ordre | GBPCAD | t_send=1748951351.0640736 | delta=0.000s | Request: {'action': 1, 'symbol': 'GBPCAD', 'volume': 0.03, 'type': 0, 'price': 1.8550499999999999, 'sl': 1.849, 'tp': 1.856, 'deviation': 30, 'magic': 123456, 'comment': 'TelegramAuto', 'type_time': 0, 'type_filling': 2}
2025-06-03 13:49:11,149 | INFO | MT5 | Réponse reçue | GBPCAD | t_result=1748951351.1491144 | delta=0.085s | Résultat: OrderSendResult(retcode=10009, deal=150648353160, order=150655805631, volume=0.03, price=1.8550499999999999, bid=1.8542999999999998, ask=1.8550499999999999, comment='Request executed', request_id=3917391952, retcode_external=0, request=TradeRequest(action=1, magic=123456, order=0, symbol='GBPCAD', volume=0.03, price=1.8550499999999999, stoplimit=0.0, sl=1.849, tp=1.856, deviation=30, type=0, type_filling=2, type_time=0, expiration=0, comment='TelegramAuto', position=0, position_by=0))
2025-06-03 13:49:11,162 | INFO | MT5 | Récupération tick | GBPCAD | t_tick=1748951351.1622362 | delta=0.000s
2025-06-03 13:49:11,162 | INFO | MT5 | Détermination prix entrée | GBPCAD | t_price=1748951351.1622362 | delta=0.000s
2025-06-03 13:49:11,163 | INFO | MT5 | Envoi ordre | GBPCAD | t_send=1748951351.1632366 | delta=0.001s | Request: {'action': 1, 'symbol': 'GBPCAD', 'volume': 0.03, 'type': 0, 'price': 1.8550499999999999, 'sl': 1.849, 'tp': 1.856, 'deviation': 30, 'magic': 123456, 'comment': 'TelegramAuto', 'type_time': 0, 'type_filling': 2}
2025-06-03 13:49:11,250 | INFO | MT5 | Réponse reçue | GBPCAD | t_result=1748951351.2490268 | delta=0.086s | Résultat: OrderSendResult(retcode=10009, deal=150648353162, order=150655805633, volume=0.03, price=1.8550499999999999, bid=1.8542999999999998, ask=1.8550499999999999, comment='Request executed', request_id=3917391953, retcode_external=0, request=TradeRequest(action=1, magic=123456, order=0, symbol='GBPCAD', volume=0.03, price=1.8550499999999999, stoplimit=0.0, sl=1.849, tp=1.856, deviation=30, type=0, type_filling=2, type_time=0, expiration=0, comment='TelegramAuto', position=0, position_by=0))
2025-06-03 13:49:11,341 | INFO | MT5 | Récupération tick | GBPCAD | t_tick=1748951351.3413742 | delta=0.000s
2025-06-03 13:49:11,341 | INFO | MT5 | Détermination prix entrée | GBPCAD | t_price=1748951351.3413742 | delta=0.000s
2025-06-03 13:49:11,342 | INFO | MT5 | Envoi ordre | GBPCAD | t_send=1748951351.3423882 | delta=0.001s | Request: {'action': 1, 'symbol': 'GBPCAD', 'volume': 0.03, 'type': 0, 'price': 1.8550499999999999, 'sl': 1.849, 'tp': 1.856, 'deviation': 30, 'magic': 123456, 'comment': 'TelegramAuto', 'type_time': 0, 'type_filling': 2}
2025-06-03 13:49:11,468 | INFO | MT5 | Réponse reçue | GBPCAD | t_result=1748951351.4683146 | delta=0.126s | Résultat: OrderSendResult(retcode=10004, deal=0, order=0, volume=0.0, price=0.0, bid=1.8542999999999998, ask=1.85503, comment='Requote', request_id=3917391954, retcode_external=0, request=TradeRequest(action=1, magic=123456, order=0, symbol='GBPCAD', volume=0.03, price=1.8550499999999999, stoplimit=0.0, sl=1.849, tp=1.856, deviation=30, type=0, type_filling=2, type_time=0, expiration=0, comment='TelegramAuto', position=0, position_by=0))
2025-06-03 13:49:11,519 | INFO | Ordre envoyé à MT5 | 2025-06-03 11:49:10 | t2=1748951351.0640736 | delta=0.000s | Résultat: [{'ticket': 150655805631, 'symbol': 'GBPCAD', 'tp': 1.856, 'sl': 1.849}, {'ticket': 150655805633, 'symbol': 'GBPCAD', 'tp': 1.856, 'sl': 1.849}, {'error': 'Order failed: Requote'}]
2025-06-03 13:49:11,519 | INFO | Réponse MT5 reçue | 2025-06-03 11:49:10 | t3=1748951351.5190773 | delta=0.455s | Total: 0.491s
2025-06-03 13:49:17,651 | INFO | Signal reçu | Telegram | 2025-06-03 11:49:14 | Début traitement | t0=1748951357.614044
2025-06-03 13:49:17,651 | INFO | Signal parsé | 2025-06-03 11:49:14 | t1=1748951357.651326 | delta=0.037s
2025-06-03 13:49:17,651 | INFO | 
=== Signal de trading détecté ===
Date/heure : 2025-06-03 11:49:14
Groupe/canal : Forex B’darija VIP 3.0 👑
Expéditeur : Forex B’darija VIP 3.0 👑
Signal parsé : {'symbol': 'GBPCAD', 'type': 'BUY', 'entries': [], 'tp': [1.856, 1.859, 1.864], 'sl': 1.849}
===============================

2025-06-03 13:49:17,651 | INFO | MT5 | Récupération tick | GBPCAD | t_tick=1748951357.651326 | delta=0.000s
2025-06-03 13:49:17,651 | INFO | MT5 | Détermination prix entrée | GBPCAD | t_price=1748951357.651326 | delta=0.000s
2025-06-03 13:49:17,651 | INFO | MT5 | Envoi ordre | GBPCAD | t_send=1748951357.651326 | delta=0.000s | Request: {'action': 1, 'symbol': 'GBPCAD', 'volume': 0.03, 'type': 0, 'price': 1.8550200000000001, 'sl': 1.849, 'tp': 1.856, 'deviation': 30, 'magic': 123456, 'comment': 'TelegramAuto', 'type_time': 0, 'type_filling': 2}
2025-06-03 13:49:17,934 | INFO | MT5 | Réponse reçue | GBPCAD | t_result=1748951357.9340713 | delta=0.283s | Résultat: OrderSendResult(retcode=10009, deal=150648353295, order=150655805775, volume=0.03, price=1.8550200000000001, bid=1.8542999999999998, ask=1.8550200000000001, comment='Request executed', request_id=3917391955, retcode_external=0, request=TradeRequest(action=1, magic=123456, order=0, symbol='GBPCAD', volume=0.03, price=1.8550200000000001, stoplimit=0.0, sl=1.849, tp=1.856, deviation=30, type=0, type_filling=2, type_time=0, expiration=0, comment='TelegramAuto', position=0, position_by=0))
2025-06-03 13:49:18,100 | INFO | MT5 | Récupération tick | GBPCAD | t_tick=1748951358.1004894 | delta=0.000s
2025-06-03 13:49:18,101 | INFO | MT5 | Détermination prix entrée | GBPCAD | t_price=1748951358.1014924 | delta=0.001s
2025-06-03 13:49:18,101 | INFO | MT5 | Envoi ordre | GBPCAD | t_send=1748951358.1014924 | delta=0.000s | Request: {'action': 1, 'symbol': 'GBPCAD', 'volume': 0.03, 'type': 0, 'price': 1.85503, 'sl': 1.849, 'tp': 1.856, 'deviation': 30, 'magic': 123456, 'comment': 'TelegramAuto', 'type_time': 0, 'type_filling': 2}
2025-06-03 13:49:18,226 | INFO | MT5 | Réponse reçue | GBPCAD | t_result=1748951358.2266047 | delta=0.125s | Résultat: OrderSendResult(retcode=10009, deal=150648353303, order=150655805783, volume=0.03, price=1.85503, bid=1.85432, ask=1.85503, comment='Request executed', request_id=3917391956, retcode_external=0, request=TradeRequest(action=1, magic=123456, order=0, symbol='GBPCAD', volume=0.03, price=1.85503, stoplimit=0.0, sl=1.849, tp=1.856, deviation=30, type=0, type_filling=2, type_time=0, expiration=0, comment='TelegramAuto', position=0, position_by=0))
2025-06-03 13:49:18,338 | INFO | MT5 | Récupération tick | GBPCAD | t_tick=1748951358.338603 | delta=0.000s
2025-06-03 13:49:18,338 | INFO | MT5 | Détermination prix entrée | GBPCAD | t_price=1748951358.338603 | delta=0.000s
2025-06-03 13:49:18,357 | INFO | MT5 | Envoi ordre | GBPCAD | t_send=1748951358.3577912 | delta=0.019s | Request: {'action': 1, 'symbol': 'GBPCAD', 'volume': 0.03, 'type': 0, 'price': 1.85503, 'sl': 1.849, 'tp': 1.856, 'deviation': 30, 'magic': 123456, 'comment': 'TelegramAuto', 'type_time': 0, 'type_filling': 2}
2025-06-03 13:49:18,479 | INFO | MT5 | Réponse reçue | GBPCAD | t_result=1748951358.4792652 | delta=0.121s | Résultat: OrderSendResult(retcode=10009, deal=150648353359, order=150655805839, volume=0.03, price=1.85503, bid=1.85432, ask=1.85503, comment='Request executed', request_id=3917391957, retcode_external=0, request=TradeRequest(action=1, magic=123456, order=0, symbol='GBPCAD', volume=0.03, price=1.85503, stoplimit=0.0, sl=1.849, tp=1.856, deviation=30, type=0, type_filling=2, type_time=0, expiration=0, comment='TelegramAuto', position=0, position_by=0))
2025-06-03 13:49:18,491 | INFO | Ordre envoyé à MT5 | 2025-06-03 11:49:14 | t2=1748951357.651326 | delta=0.000s | Résultat: [{'ticket': 150655805775, 'symbol': 'GBPCAD', 'tp': 1.856, 'sl': 1.849}, {'ticket': 150655805783, 'symbol': 'GBPCAD', 'tp': 1.856, 'sl': 1.849}, {'ticket': 150655805839, 'symbol': 'GBPCAD', 'tp': 1.856, 'sl': 1.849}]
2025-06-03 13:49:18,492 | INFO | Réponse MT5 reçue | 2025-06-03 11:49:14 | t3=1748951358.491407 | delta=0.840s | Total: 0.877s
2025-06-03 14:17:32,563 | INFO | Signal reçu | Telegram | 2025-06-03 12:17:31 | Début traitement | t0=1748953052.3479946
2025-06-03 14:17:32,563 | INFO | Signal parsé | 2025-06-03 12:17:31 | t1=1748953052.563992 | delta=0.216s
2025-06-03 14:17:32,563 | INFO | 
=== Signal de trading détecté ===
Date/heure : 2025-06-03 12:17:31
Groupe/canal : Forex B’darija VIP 3.0 👑
Expéditeur : Forex B’darija VIP 3.0 👑
Signal parsé : {'symbol': 'XAUUSD', 'type': 'BUY', 'entries': [], 'tp': [3354.0, 3357.0, 3369.0], 'sl': 3346.0}
===============================

2025-06-03 14:17:32,563 | INFO | MT5 | Récupération tick | XAUUSD | t_tick=1748953052.563992 | delta=0.000s
2025-06-03 14:17:32,563 | INFO | MT5 | Détermination prix entrée | XAUUSD | t_price=1748953052.563992 | delta=0.000s
2025-06-03 14:17:32,563 | INFO | MT5 | Envoi ordre | XAUUSD | t_send=1748953052.563992 | delta=0.000s | Request: {'action': 1, 'symbol': 'XAUUSD', 'volume': 0.03, 'type': 0, 'price': 3352.0, 'sl': 3346.0, 'tp': 3354.0, 'deviation': 30, 'magic': 123456, 'comment': 'TelegramAuto', 'type_time': 0, 'type_filling': 2}
2025-06-03 14:17:32,638 | INFO | MT5 | Réponse reçue | XAUUSD | t_result=1748953052.6389272 | delta=0.075s | Résultat: OrderSendResult(retcode=10009, deal=150648421683, order=150655874857, volume=0.03, price=3352.0, bid=3351.82, ask=3352.0, comment='Request executed', request_id=3917391958, retcode_external=0, request=TradeRequest(action=1, magic=123456, order=0, symbol='XAUUSD', volume=0.03, price=3352.0, stoplimit=0.0, sl=3346.0, tp=3354.0, deviation=30, type=0, type_filling=2, type_time=0, expiration=0, comment='TelegramAuto', position=0, position_by=0))
2025-06-03 14:17:32,693 | INFO | MT5 | Récupération tick | XAUUSD | t_tick=1748953052.6913056 | delta=0.000s
2025-06-03 14:17:32,705 | INFO | MT5 | Détermination prix entrée | XAUUSD | t_price=1748953052.7050934 | delta=0.014s
2025-06-03 14:17:32,705 | INFO | MT5 | Envoi ordre | XAUUSD | t_send=1748953052.7050934 | delta=0.000s | Request: {'action': 1, 'symbol': 'XAUUSD', 'volume': 0.03, 'type': 0, 'price': 3351.96, 'sl': 3346.0, 'tp': 3354.0, 'deviation': 30, 'magic': 123456, 'comment': 'TelegramAuto', 'type_time': 0, 'type_filling': 2}
2025-06-03 14:17:32,795 | INFO | MT5 | Réponse reçue | XAUUSD | t_result=1748953052.7958553 | delta=0.091s | Résultat: OrderSendResult(retcode=10009, deal=150648421696, order=150655874870, volume=0.03, price=3351.96, bid=3351.79, ask=3351.96, comment='Request executed', request_id=3917391959, retcode_external=0, request=TradeRequest(action=1, magic=123456, order=0, symbol='XAUUSD', volume=0.03, price=3351.96, stoplimit=0.0, sl=3346.0, tp=3354.0, deviation=30, type=0, type_filling=2, type_time=0, expiration=0, comment='TelegramAuto', position=0, position_by=0))
2025-06-03 14:17:32,867 | INFO | MT5 | Récupération tick | XAUUSD | t_tick=1748953052.8673203 | delta=0.000s
2025-06-03 14:17:32,867 | INFO | MT5 | Détermination prix entrée | XAUUSD | t_price=1748953052.8673203 | delta=0.000s
2025-06-03 14:17:32,868 | INFO | MT5 | Envoi ordre | XAUUSD | t_send=1748953052.868322 | delta=0.001s | Request: {'action': 1, 'symbol': 'XAUUSD', 'volume': 0.03, 'type': 0, 'price': 3351.96, 'sl': 3346.0, 'tp': 3354.0, 'deviation': 30, 'magic': 123456, 'comment': 'TelegramAuto', 'type_time': 0, 'type_filling': 2}
2025-06-03 14:17:32,945 | INFO | MT5 | Réponse reçue | XAUUSD | t_result=1748953052.9453607 | delta=0.077s | Résultat: OrderSendResult(retcode=10009, deal=150648421705, order=150655874879, volume=0.03, price=3351.96, bid=3351.79, ask=3351.96, comment='Request executed', request_id=3917391960, retcode_external=0, request=TradeRequest(action=1, magic=123456, order=0, symbol='XAUUSD', volume=0.03, price=3351.96, stoplimit=0.0, sl=3346.0, tp=3354.0, deviation=30, type=0, type_filling=2, type_time=0, expiration=0, comment='TelegramAuto', position=0, position_by=0))
2025-06-03 14:17:32,959 | INFO | Ordre envoyé à MT5 | 2025-06-03 12:17:31 | t2=1748953052.563992 | delta=0.000s | Résultat: [{'ticket': 150655874857, 'symbol': 'XAUUSD', 'tp': 3354.0, 'sl': 3346.0}, {'ticket': 150655874870, 'symbol': 'XAUUSD', 'tp': 3354.0, 'sl': 3346.0}, {'ticket': 150655874879, 'symbol': 'XAUUSD', 'tp': 3354.0, 'sl': 3346.0}]
2025-06-03 14:17:32,960 | INFO | Réponse MT5 reçue | 2025-06-03 12:17:31 | t3=1748953052.959825 | delta=0.396s | Total: 0.612s
2025-06-03 14:18:28,264 | INFO | Signal reçu | Telegram | 2025-06-03 12:18:13 | Début traitement | t0=1748953108.2137983
2025-06-03 14:18:28,264 | INFO | Signal parsé | 2025-06-03 12:18:13 | t1=1748953108.2640443 | delta=0.050s
2025-06-03 14:18:28,264 | INFO | 
=== Signal de trading détecté ===
Date/heure : 2025-06-03 12:18:13
Groupe/canal : Forex b’darija 📊
Expéditeur : Forex b’darija 📊
Signal parsé : {'symbol': 'XAUUSD', 'type': 'BUY', 'entries': [], 'tp': [3353.0, 3356.0, 3368.0], 'sl': 3345.0}
===============================

2025-06-03 14:18:28,264 | INFO | MT5 | Récupération tick | XAUUSD | t_tick=1748953108.2640443 | delta=0.000s
2025-06-03 14:18:28,264 | INFO | MT5 | Détermination prix entrée | XAUUSD | t_price=1748953108.2640443 | delta=0.000s
2025-06-03 14:18:28,264 | INFO | MT5 | Envoi ordre | XAUUSD | t_send=1748953108.2640443 | delta=0.000s | Request: {'action': 1, 'symbol': 'XAUUSD', 'volume': 0.03, 'type': 0, 'price': 3351.02, 'sl': 3345.0, 'tp': 3353.0, 'deviation': 30, 'magic': 123456, 'comment': 'TelegramAuto', 'type_time': 0, 'type_filling': 2}
2025-06-03 14:18:28,347 | INFO | MT5 | Réponse reçue | XAUUSD | t_result=1748953108.3476398 | delta=0.084s | Résultat: OrderSendResult(retcode=10009, deal=150648425303, order=150655878517, volume=0.03, price=3351.02, bid=3350.85, ask=3351.02, comment='Request executed', request_id=3917391961, retcode_external=0, request=TradeRequest(action=1, magic=123456, order=0, symbol='XAUUSD', volume=0.03, price=3351.02, stoplimit=0.0, sl=3345.0, tp=3353.0, deviation=30, type=0, type_filling=2, type_time=0, expiration=0, comment='TelegramAuto', position=0, position_by=0))
2025-06-03 14:18:28,351 | INFO | MT5 | Récupération tick | XAUUSD | t_tick=1748953108.3517988 | delta=0.000s
2025-06-03 14:18:28,352 | INFO | MT5 | Détermination prix entrée | XAUUSD | t_price=1748953108.3528004 | delta=0.001s
2025-06-03 14:18:28,352 | INFO | MT5 | Envoi ordre | XAUUSD | t_send=1748953108.3528004 | delta=0.000s | Request: {'action': 1, 'symbol': 'XAUUSD', 'volume': 0.03, 'type': 0, 'price': 3351.02, 'sl': 3345.0, 'tp': 3353.0, 'deviation': 30, 'magic': 123456, 'comment': 'TelegramAuto', 'type_time': 0, 'type_filling': 2}
2025-06-03 14:18:28,436 | INFO | MT5 | Réponse reçue | XAUUSD | t_result=1748953108.4368784 | delta=0.084s | Résultat: OrderSendResult(retcode=10009, deal=150648425309, order=150655878523, volume=0.03, price=3351.02, bid=3350.85, ask=3351.02, comment='Request executed', request_id=3917391962, retcode_external=0, request=TradeRequest(action=1, magic=123456, order=0, symbol='XAUUSD', volume=0.03, price=3351.02, stoplimit=0.0, sl=3345.0, tp=3353.0, deviation=30, type=0, type_filling=2, type_time=0, expiration=0, comment='TelegramAuto', position=0, position_by=0))
2025-06-03 14:18:28,442 | INFO | MT5 | Récupération tick | XAUUSD | t_tick=1748953108.4425664 | delta=0.000s
2025-06-03 14:18:28,443 | INFO | MT5 | Détermination prix entrée | XAUUSD | t_price=1748953108.4435682 | delta=0.001s
2025-06-03 14:18:28,527 | INFO | MT5 | Envoi ordre | XAUUSD | t_send=1748953108.5272539 | delta=0.084s | Request: {'action': 1, 'symbol': 'XAUUSD', 'volume': 0.03, 'type': 0, 'price': 3351.02, 'sl': 3345.0, 'tp': 3353.0, 'deviation': 30, 'magic': 123456, 'comment': 'TelegramAuto', 'type_time': 0, 'type_filling': 2}
2025-06-03 14:18:28,630 | INFO | MT5 | Réponse reçue | XAUUSD | t_result=1748953108.6300619 | delta=0.103s | Résultat: OrderSendResult(retcode=10004, deal=0, order=0, volume=0.0, price=0.0, bid=3350.79, ask=3350.96, comment='Requote', request_id=3917391963, retcode_external=0, request=TradeRequest(action=1, magic=123456, order=0, symbol='XAUUSD', volume=0.03, price=3351.02, stoplimit=0.0, sl=3345.0, tp=3353.0, deviation=30, type=0, type_filling=2, type_time=0, expiration=0, comment='TelegramAuto', position=0, position_by=0))
2025-06-03 14:18:28,678 | INFO | Ordre envoyé à MT5 | 2025-06-03 12:18:13 | t2=1748953108.2640443 | delta=0.000s | Résultat: [{'ticket': 150655878517, 'symbol': 'XAUUSD', 'tp': 3353.0, 'sl': 3345.0}, {'ticket': 150655878523, 'symbol': 'XAUUSD', 'tp': 3353.0, 'sl': 3345.0}, {'error': 'Order failed: Requote'}]
2025-06-03 14:18:28,679 | INFO | Réponse MT5 reçue | 2025-06-03 12:18:13 | t3=1748953108.6789563 | delta=0.415s | Total: 0.465s
2025-06-03 14:23:28,390 | INFO | Signal reçu | Telegram | 2025-06-03 12:22:44 | Début traitement | t0=1748953408.3286204
2025-06-03 14:23:28,422 | INFO | Message reçu mais non reconnu comme signal exploitable (symbole, type, TP, SL nécessaires).
2025-06-03 14:23:28,429 | INFO | Signal parsé | 2025-06-03 12:22:44 | t1=1748953408.429425 | delta=0.101s
2025-06-03 14:23:28,429 | INFO | [2025-06-03 12:22:44] Message non reconnu comme signal : TP1 hit ✅ +20 pips
2025-06-03 14:25:52,013 | INFO | Signal reçu | Telegram | 2025-06-03 12:25:40 | Début traitement | t0=1748953551.9751937
2025-06-03 14:25:52,021 | INFO | Message reçu mais non reconnu comme signal exploitable (symbole, type, TP, SL nécessaires).
2025-06-03 14:25:52,021 | INFO | Signal parsé | 2025-06-03 12:25:40 | t1=1748953552.0217807 | delta=0.047s
2025-06-03 14:25:52,036 | INFO | [2025-06-03 12:25:40] Message non reconnu comme signal : +30 pips en cours 🥳
2025-06-03 14:25:58,450 | INFO | Got difference for channel 1311425945 updates
2025-06-03 14:28:28,545 | INFO | Signal reçu | Telegram | 2025-06-03 12:27:45 | Début traitement | t0=1748953708.3637629
2025-06-03 14:28:28,545 | INFO | Message reçu mais non reconnu comme signal exploitable (symbole, type, TP, SL nécessaires).
2025-06-03 14:28:28,545 | INFO | Signal parsé | 2025-06-03 12:27:45 | t1=1748953708.5452492 | delta=0.181s
2025-06-03 14:28:28,545 | INFO | [2025-06-03 12:27:45] Message non reconnu comme signal : +40 pips en cours 🔥
2025-06-03 14:32:23,897 | INFO | Signal reçu | Telegram | 2025-06-03 12:31:54 | Début traitement | t0=1748953943.8348286
2025-06-03 14:32:23,897 | INFO | Message reçu mais non reconnu comme signal exploitable (symbole, type, TP, SL nécessaires).
2025-06-03 14:32:23,897 | INFO | Signal parsé | 2025-06-03 12:31:54 | t1=1748953943.8975816 | delta=0.063s
2025-06-03 14:32:23,897 | INFO | [2025-06-03 12:31:54] Message non reconnu comme signal : TP2 hit ✅ +50 pips
2025-06-03 14:32:28,453 | INFO | Signal reçu | Telegram | 2025-06-03 12:32:24 | Début traitement | t0=1748953948.413746
2025-06-03 14:32:28,453 | INFO | Message reçu mais non reconnu comme signal exploitable (symbole, type, TP, SL nécessaires).
2025-06-03 14:32:28,453 | INFO | Signal parsé | 2025-06-03 12:32:24 | t1=1748953948.4536045 | delta=0.040s
2025-06-03 14:32:28,453 | INFO | [2025-06-03 12:32:24] Message non reconnu comme signal : Montrez moi vos profits 🔥 @FXBDARIJA 🥳
2025-06-03 14:32:36,598 | INFO | Signal reçu | Telegram | 2025-06-03 12:32:34 | Début traitement | t0=1748953956.5674815
2025-06-03 14:32:36,598 | INFO | Message reçu mais non reconnu comme signal exploitable (symbole, type, TP, SL nécessaires).
2025-06-03 14:32:36,598 | INFO | Signal parsé | 2025-06-03 12:32:34 | t1=1748953956.598632 | delta=0.031s
2025-06-03 14:32:36,614 | INFO | [2025-06-03 12:32:34] Message non reconnu comme signal : Montrez moi vos profits 🔥 @FXBDARIJA 🥳
2025-06-03 14:41:11,251 | INFO | Signal reçu | Telegram | 2025-06-03 12:41:02 | Début traitement | t0=1748954471.2205932
2025-06-03 14:41:11,251 | INFO | Message reçu mais non reconnu comme signal exploitable (symbole, type, TP, SL nécessaires).
2025-06-03 14:41:11,251 | INFO | Signal parsé | 2025-06-03 12:41:02 | t1=1748954471.2517784 | delta=0.031s
2025-06-03 14:41:11,251 | INFO | [2025-06-03 12:41:02] Message non reconnu comme signal : Let’s goo 🔥 +90 pips en cours 🥳
2025-06-03 14:42:28,536 | INFO | Signal reçu | Telegram | 2025-06-03 12:41:35 | Début traitement | t0=1748954548.47295
2025-06-03 14:42:28,536 | INFO | Message reçu mais non reconnu comme signal exploitable (symbole, type, TP, SL nécessaires).
2025-06-03 14:42:28,536 | INFO | Signal parsé | 2025-06-03 12:41:35 | t1=1748954548.5361898 | delta=0.063s
2025-06-03 14:42:28,536 | INFO | [2025-06-03 12:41:35] Message non reconnu comme signal : Montrez moi vos profits 🔥 @FXBDARIJA 🥳
2025-06-03 14:43:28,728 | INFO | Signal reçu | Telegram | 2025-06-03 12:42:53 | Début traitement | t0=1748954608.4903088
2025-06-03 14:43:28,728 | INFO | Message reçu mais non reconnu comme signal exploitable (symbole, type, TP, SL nécessaires).
2025-06-03 14:43:28,728 | INFO | Signal parsé | 2025-06-03 12:42:53 | t1=1748954608.7286835 | delta=0.238s
2025-06-03 14:43:28,728 | INFO | [2025-06-03 12:42:53] Message non reconnu comme signal : On joue pas 🤫
2025-06-03 14:43:28,728 | INFO | Signal reçu | Telegram | 2025-06-03 12:42:41 | Début traitement | t0=1748954608.4903088
2025-06-03 14:43:28,728 | INFO | Message reçu mais non reconnu comme signal exploitable (symbole, type, TP, SL nécessaires).
2025-06-03 14:43:28,728 | INFO | Signal parsé | 2025-06-03 12:42:41 | t1=1748954608.7286835 | delta=0.238s
2025-06-03 14:43:28,728 | INFO | [2025-06-03 12:42:41] Message non reconnu comme signal : +100 pips en cours 🔥👌🏻
2025-06-03 14:48:28,613 | INFO | Signal reçu | Telegram | 2025-06-03 12:47:50 | Début traitement | t0=1748954908.5741572
2025-06-03 14:48:28,613 | INFO | Message reçu mais non reconnu comme signal exploitable (symbole, type, TP, SL nécessaires).
2025-06-03 14:48:28,613 | INFO | Signal parsé | 2025-06-03 12:47:50 | t1=1748954908.6138165 | delta=0.040s
2025-06-03 14:48:28,621 | INFO | [2025-06-03 12:47:50] Message non reconnu comme signal : +120 pips en cours 🔥 N’oubliez pas de sécuriser 🔐 (SL = TP2)
2025-06-03 14:52:32,963 | INFO | Signal reçu | Telegram | 2025-06-03 12:52:32 | Début traitement | t0=1748955152.8908398
2025-06-03 14:52:32,963 | INFO | Signal parsé | 2025-06-03 12:52:32 | t1=1748955152.9638398 | delta=0.073s
2025-06-03 14:52:32,963 | INFO | 
=== Signal de trading détecté ===
Date/heure : 2025-06-03 12:52:32
Groupe/canal : Forex B’darija VIP 3.0 👑
Expéditeur : Forex B’darija VIP 3.0 👑
Signal parsé : {'symbol': 'EURCAD', 'type': 'BUY', 'entries': [], 'tp': [1.564, 1.567, 1.572], 'sl': 1.556}
===============================

2025-06-03 14:52:32,970 | INFO | MT5 | Récupération tick | EURCAD | t_tick=1748955152.970431 | delta=0.000s
2025-06-03 14:52:32,970 | INFO | MT5 | Détermination prix entrée | EURCAD | t_price=1748955152.970431 | delta=0.000s
2025-06-03 14:52:32,970 | INFO | MT5 | Envoi ordre | EURCAD | t_send=1748955152.970431 | delta=0.000s | Request: {'action': 1, 'symbol': 'EURCAD', 'volume': 0.03, 'type': 0, 'price': 1.56303, 'sl': 1.556, 'tp': 1.564, 'deviation': 30, 'magic': 123456, 'comment': 'TelegramAuto', 'type_time': 0, 'type_filling': 2}
2025-06-03 14:52:33,057 | INFO | MT5 | Réponse reçue | EURCAD | t_result=1748955153.057443 | delta=0.087s | Résultat: OrderSendResult(retcode=10009, deal=150648524153, order=150655978178, volume=0.03, price=1.56303, bid=1.5625200000000001, ask=1.56303, comment='Request executed', request_id=3917391964, retcode_external=0, request=TradeRequest(action=1, magic=123456, order=0, symbol='EURCAD', volume=0.03, price=1.56303, stoplimit=0.0, sl=1.556, tp=1.564, deviation=30, type=0, type_filling=2, type_time=0, expiration=0, comment='TelegramAuto', position=0, position_by=0))
2025-06-03 14:52:33,063 | INFO | MT5 | Récupération tick | EURCAD | t_tick=1748955153.0632164 | delta=0.000s
2025-06-03 14:52:33,064 | INFO | MT5 | Détermination prix entrée | EURCAD | t_price=1748955153.0642161 | delta=0.001s
2025-06-03 14:52:33,126 | INFO | MT5 | Envoi ordre | EURCAD | t_send=1748955153.1261375 | delta=0.062s | Request: {'action': 1, 'symbol': 'EURCAD', 'volume': 0.03, 'type': 0, 'price': 1.56301, 'sl': 1.556, 'tp': 1.564, 'deviation': 30, 'magic': 123456, 'comment': 'TelegramAuto', 'type_time': 0, 'type_filling': 2}
2025-06-03 14:52:33,199 | INFO | MT5 | Réponse reçue | EURCAD | t_result=1748955153.19959 | delta=0.073s | Résultat: OrderSendResult(retcode=10009, deal=150648524158, order=150655978183, volume=0.03, price=1.56301, bid=1.5625200000000001, ask=1.56301, comment='Request executed', request_id=3917391965, retcode_external=0, request=TradeRequest(action=1, magic=123456, order=0, symbol='EURCAD', volume=0.03, price=1.56301, stoplimit=0.0, sl=1.556, tp=1.564, deviation=30, type=0, type_filling=2, type_time=0, expiration=0, comment='TelegramAuto', position=0, position_by=0))
2025-06-03 14:52:33,289 | INFO | MT5 | Récupération tick | EURCAD | t_tick=1748955153.289924 | delta=0.000s
2025-06-03 14:52:33,290 | INFO | MT5 | Détermination prix entrée | EURCAD | t_price=1748955153.2909257 | delta=0.001s
2025-06-03 14:52:33,291 | INFO | MT5 | Envoi ordre | EURCAD | t_send=1748955153.2909257 | delta=0.000s | Request: {'action': 1, 'symbol': 'EURCAD', 'volume': 0.03, 'type': 0, 'price': 1.56303, 'sl': 1.556, 'tp': 1.564, 'deviation': 30, 'magic': 123456, 'comment': 'TelegramAuto', 'type_time': 0, 'type_filling': 2}
2025-06-03 14:52:33,310 | INFO | MT5 | Réponse reçue | EURCAD | t_result=1748955153.3109255 | delta=0.020s | Résultat: OrderSendResult(retcode=10009, deal=150648524165, order=150655978190, volume=0.03, price=1.56303, bid=1.56254, ask=1.56303, comment='Request executed', request_id=3917391966, retcode_external=0, request=TradeRequest(action=1, magic=123456, order=0, symbol='EURCAD', volume=0.03, price=1.56303, stoplimit=0.0, sl=1.556, tp=1.564, deviation=30, type=0, type_filling=2, type_time=0, expiration=0, comment='TelegramAuto', position=0, position_by=0))
2025-06-03 14:52:33,402 | INFO | Ordre envoyé à MT5 | 2025-06-03 12:52:32 | t2=1748955152.970431 | delta=0.007s | Résultat: [{'ticket': 150655978178, 'symbol': 'EURCAD', 'tp': 1.564, 'sl': 1.556}, {'ticket': 150655978183, 'symbol': 'EURCAD', 'tp': 1.564, 'sl': 1.556}, {'ticket': 150655978190, 'symbol': 'EURCAD', 'tp': 1.564, 'sl': 1.556}]
2025-06-03 14:52:33,403 | INFO | Réponse MT5 reçue | 2025-06-03 12:52:32 | t3=1748955153.4022267 | delta=0.432s | Total: 0.511s
2025-06-03 14:52:35,627 | INFO | Signal reçu | Telegram | 2025-06-03 12:52:34 | Début traitement | t0=1748955155.364133
2025-06-03 14:52:35,627 | INFO | Signal parsé | 2025-06-03 12:52:34 | t1=1748955155.6278498 | delta=0.264s
2025-06-03 14:52:35,627 | INFO | 
=== Signal de trading détecté ===
Date/heure : 2025-06-03 12:52:34
Groupe/canal : Forex B’darija VIP 3.0 👑
Expéditeur : Forex B’darija VIP 3.0 👑
Signal parsé : {'symbol': 'EURCAD', 'type': 'BUY', 'entries': [], 'tp': [1.564, 1.567, 1.572], 'sl': 1.556}
===============================

2025-06-03 14:52:35,627 | INFO | MT5 | Récupération tick | EURCAD | t_tick=1748955155.6278498 | delta=0.000s
2025-06-03 14:52:35,627 | INFO | MT5 | Détermination prix entrée | EURCAD | t_price=1748955155.6278498 | delta=0.000s
2025-06-03 14:52:35,627 | INFO | MT5 | Envoi ordre | EURCAD | t_send=1748955155.6278498 | delta=0.000s | Request: {'action': 1, 'symbol': 'EURCAD', 'volume': 0.03, 'type': 0, 'price': 1.5630199999999999, 'sl': 1.556, 'tp': 1.564, 'deviation': 30, 'magic': 123456, 'comment': 'TelegramAuto', 'type_time': 0, 'type_filling': 2}
2025-06-03 14:52:35,689 | INFO | MT5 | Réponse reçue | EURCAD | t_result=1748955155.6897962 | delta=0.062s | Résultat: OrderSendResult(retcode=10009, deal=150648524264, order=150655978288, volume=0.03, price=1.5630199999999999, bid=1.56254, ask=1.5630199999999999, comment='Request executed', request_id=3917391967, retcode_external=0, request=TradeRequest(action=1, magic=123456, order=0, symbol='EURCAD', volume=0.03, price=1.5630199999999999, stoplimit=0.0, sl=1.556, tp=1.564, deviation=30, type=0, type_filling=2, type_time=0, expiration=0, comment='TelegramAuto', position=0, position_by=0))
2025-06-03 14:52:35,756 | INFO | MT5 | Récupération tick | EURCAD | t_tick=1748955155.7560863 | delta=0.000s
2025-06-03 14:52:35,758 | INFO | MT5 | Détermination prix entrée | EURCAD | t_price=1748955155.7580826 | delta=0.002s
2025-06-03 14:52:35,759 | INFO | MT5 | Envoi ordre | EURCAD | t_send=1748955155.7590828 | delta=0.001s | Request: {'action': 1, 'symbol': 'EURCAD', 'volume': 0.03, 'type': 0, 'price': 1.5630199999999999, 'sl': 1.556, 'tp': 1.564, 'deviation': 30, 'magic': 123456, 'comment': 'TelegramAuto', 'type_time': 0, 'type_filling': 2}
2025-06-03 14:52:36,009 | INFO | MT5 | Réponse reçue | EURCAD | t_result=1748955156.0094678 | delta=0.250s | Résultat: OrderSendResult(retcode=10009, deal=150648524271, order=150655978295, volume=0.03, price=1.5630199999999999, bid=1.56254, ask=1.5630199999999999, comment='Request executed', request_id=3917391968, retcode_external=0, request=TradeRequest(action=1, magic=123456, order=0, symbol='EURCAD', volume=0.03, price=1.5630199999999999, stoplimit=0.0, sl=1.556, tp=1.564, deviation=30, type=0, type_filling=2, type_time=0, expiration=0, comment='TelegramAuto', position=0, position_by=0))
2025-06-03 14:52:36,157 | INFO | MT5 | Récupération tick | EURCAD | t_tick=1748955156.1572027 | delta=0.000s
2025-06-03 14:52:36,158 | INFO | MT5 | Détermination prix entrée | EURCAD | t_price=1748955156.1582026 | delta=0.001s
2025-06-03 14:52:36,158 | INFO | MT5 | Envoi ordre | EURCAD | t_send=1748955156.1582026 | delta=0.000s | Request: {'action': 1, 'symbol': 'EURCAD', 'volume': 0.03, 'type': 0, 'price': 1.5630199999999999, 'sl': 1.556, 'tp': 1.564, 'deviation': 30, 'magic': 123456, 'comment': 'TelegramAuto', 'type_time': 0, 'type_filling': 2}
2025-06-03 14:52:36,396 | INFO | MT5 | Réponse reçue | EURCAD | t_result=1748955156.3965578 | delta=0.238s | Résultat: OrderSendResult(retcode=10009, deal=150648524309, order=150655978333, volume=0.03, price=1.5630199999999999, bid=1.56254, ask=1.5630199999999999, comment='Request executed', request_id=3917391969, retcode_external=0, request=TradeRequest(action=1, magic=123456, order=0, symbol='EURCAD', volume=0.03, price=1.5630199999999999, stoplimit=0.0, sl=1.556, tp=1.564, deviation=30, type=0, type_filling=2, type_time=0, expiration=0, comment='TelegramAuto', position=0, position_by=0))
2025-06-03 14:52:36,460 | INFO | Ordre envoyé à MT5 | 2025-06-03 12:52:34 | t2=1748955155.6278498 | delta=0.000s | Résultat: [{'ticket': 150655978288, 'symbol': 'EURCAD', 'tp': 1.564, 'sl': 1.556}, {'ticket': 150655978295, 'symbol': 'EURCAD', 'tp': 1.564, 'sl': 1.556}, {'ticket': 150655978333, 'symbol': 'EURCAD', 'tp': 1.564, 'sl': 1.556}]
2025-06-03 14:52:36,461 | INFO | Réponse MT5 reçue | 2025-06-03 12:52:34 | t3=1748955156.460375 | delta=0.833s | Total: 1.096s
2025-06-03 14:54:04,736 | INFO | Signal reçu | Telegram | 2025-06-03 12:54:03 | Début traitement | t0=1748955244.6888998
2025-06-03 14:54:04,736 | INFO | Message reçu mais non reconnu comme signal exploitable (symbole, type, TP, SL nécessaires).
2025-06-03 14:54:04,736 | INFO | Signal parsé | 2025-06-03 12:54:03 | t1=1748955244.7366743 | delta=0.048s
2025-06-03 14:54:04,736 | INFO | [2025-06-03 12:54:03] Message non reconnu comme signal : On prend le forex aussi pas seulement le Gold 📈
2025-06-03 15:05:13,621 | INFO | Got difference for channel 1530008400 updates
2025-06-03 15:19:28,070 | INFO | Signal reçu | Telegram | 2025-06-03 13:19:26 | Début traitement | t0=1748956768.0226955
2025-06-03 15:19:28,070 | INFO | Signal parsé | 2025-06-03 13:19:26 | t1=1748956768.0704124 | delta=0.048s
2025-06-03 15:19:28,070 | INFO | 
=== Signal de trading détecté ===
Date/heure : 2025-06-03 13:19:26
Groupe/canal : Forex B’darija VIP 3.0 👑
Expéditeur : Forex B’darija VIP 3.0 👑
Signal parsé : {'symbol': 'XAUUSD', 'type': 'SELL', 'entries': [], 'tp': [3359.0, 3356.0], 'sl': 3366.0}
===============================

2025-06-03 15:19:28,070 | INFO | MT5 | Récupération tick | XAUUSD | t_tick=1748956768.0704124 | delta=0.000s
2025-06-03 15:19:28,070 | INFO | MT5 | Détermination prix entrée | XAUUSD | t_price=1748956768.0704124 | delta=0.000s
2025-06-03 15:19:28,070 | INFO | MT5 | Envoi ordre | XAUUSD | t_send=1748956768.0704124 | delta=0.000s | Request: {'action': 1, 'symbol': 'XAUUSD', 'volume': 0.03, 'type': 1, 'price': 3359.58, 'sl': 3366.0, 'tp': 3359.0, 'deviation': 30, 'magic': 123456, 'comment': 'TelegramAuto', 'type_time': 0, 'type_filling': 2}
2025-06-03 15:19:28,151 | INFO | MT5 | Réponse reçue | XAUUSD | t_result=1748956768.1513698 | delta=0.081s | Résultat: OrderSendResult(retcode=10009, deal=150648583191, order=150656038344, volume=0.03, price=3359.58, bid=3359.58, ask=3359.75, comment='Request executed', request_id=3917391970, retcode_external=0, request=TradeRequest(action=1, magic=123456, order=0, symbol='XAUUSD', volume=0.03, price=3359.58, stoplimit=0.0, sl=3366.0, tp=3359.0, deviation=30, type=1, type_filling=2, type_time=0, expiration=0, comment='TelegramAuto', position=0, position_by=0))
2025-06-03 15:19:28,434 | INFO | MT5 | Récupération tick | XAUUSD | t_tick=1748956768.4348607 | delta=0.000s
2025-06-03 15:19:28,434 | INFO | MT5 | Détermination prix entrée | XAUUSD | t_price=1748956768.4348607 | delta=0.000s
2025-06-03 15:19:28,434 | INFO | MT5 | Envoi ordre | XAUUSD | t_send=1748956768.4348607 | delta=0.000s | Request: {'action': 1, 'symbol': 'XAUUSD', 'volume': 0.03, 'type': 1, 'price': 3359.58, 'sl': 3366.0, 'tp': 3359.0, 'deviation': 30, 'magic': 123456, 'comment': 'TelegramAuto', 'type_time': 0, 'type_filling': 2}
2025-06-03 15:19:28,579 | INFO | MT5 | Réponse reçue | XAUUSD | t_result=1748956768.5791864 | delta=0.144s | Résultat: OrderSendResult(retcode=10009, deal=150648583208, order=150656038360, volume=0.03, price=3359.58, bid=3359.58, ask=3359.75, comment='Request executed', request_id=3917391971, retcode_external=0, request=TradeRequest(action=1, magic=123456, order=0, symbol='XAUUSD', volume=0.03, price=3359.58, stoplimit=0.0, sl=3366.0, tp=3359.0, deviation=30, type=1, type_filling=2, type_time=0, expiration=0, comment='TelegramAuto', position=0, position_by=0))
2025-06-03 15:19:28,596 | INFO | Ordre envoyé à MT5 | 2025-06-03 13:19:26 | t2=1748956768.0704124 | delta=0.000s | Résultat: [{'ticket': 150656038344, 'symbol': 'XAUUSD', 'tp': 3359.0, 'sl': 3366.0}, {'ticket': 150656038360, 'symbol': 'XAUUSD', 'tp': 3359.0, 'sl': 3366.0}]
2025-06-03 15:19:28,597 | INFO | Réponse MT5 reçue | 2025-06-03 13:19:26 | t3=1748956768.5961864 | delta=0.526s | Total: 0.573s
2025-06-03 15:28:50,549 | INFO | Signal reçu | Telegram | 2025-06-03 13:28:50 | Début traitement | t0=1748957330.4385738
2025-06-03 15:28:50,549 | INFO | Signal parsé | 2025-06-03 13:28:50 | t1=1748957330.5496714 | delta=0.111s
2025-06-03 15:28:50,549 | INFO | 
=== Signal de trading détecté ===
Date/heure : 2025-06-03 13:28:50
Groupe/canal : Forex B’darija VIP 3.0 👑
Expéditeur : Forex B’darija VIP 3.0 👑
Signal parsé : {'symbol': 'XAUUSD', 'type': 'SELL', 'entries': [], 'tp': [3358.0, 3356.0, 3350.0], 'sl': 3366.0}
===============================

2025-06-03 15:28:50,549 | INFO | MT5 | Récupération tick | XAUUSD | t_tick=1748957330.5496714 | delta=0.000s
2025-06-03 15:28:50,549 | INFO | MT5 | Détermination prix entrée | XAUUSD | t_price=1748957330.5496714 | delta=0.000s
2025-06-03 15:28:50,549 | INFO | MT5 | Envoi ordre | XAUUSD | t_send=1748957330.5496714 | delta=0.000s | Request: {'action': 1, 'symbol': 'XAUUSD', 'volume': 0.03, 'type': 1, 'price': 3358.36, 'sl': 3366.0, 'tp': 3358.0, 'deviation': 30, 'magic': 123456, 'comment': 'TelegramAuto', 'type_time': 0, 'type_filling': 2}
2025-06-03 15:28:50,834 | INFO | MT5 | Réponse reçue | XAUUSD | t_result=1748957330.8347573 | delta=0.285s | Résultat: OrderSendResult(retcode=10009, deal=150648603124, order=150656058514, volume=0.03, price=3358.36, bid=3358.36, ask=3358.53, comment='Request executed', request_id=3917391972, retcode_external=0, request=TradeRequest(action=1, magic=123456, order=0, symbol='XAUUSD', volume=0.03, price=3358.36, stoplimit=0.0, sl=3366.0, tp=3358.0, deviation=30, type=1, type_filling=2, type_time=0, expiration=0, comment='TelegramAuto', position=0, position_by=0))
2025-06-03 15:28:50,994 | INFO | MT5 | Récupération tick | XAUUSD | t_tick=1748957330.9942958 | delta=0.000s
2025-06-03 15:28:50,994 | INFO | MT5 | Détermination prix entrée | XAUUSD | t_price=1748957330.9942958 | delta=0.000s
2025-06-03 15:28:50,994 | INFO | MT5 | Envoi ordre | XAUUSD | t_send=1748957330.9942958 | delta=0.000s | Request: {'action': 1, 'symbol': 'XAUUSD', 'volume': 0.03, 'type': 1, 'price': 3358.36, 'sl': 3366.0, 'tp': 3358.0, 'deviation': 30, 'magic': 123456, 'comment': 'TelegramAuto', 'type_time': 0, 'type_filling': 2}
2025-06-03 15:28:51,013 | INFO | MT5 | Réponse reçue | XAUUSD | t_result=1748957331.0130308 | delta=0.019s | Résultat: OrderSendResult(retcode=10009, deal=150648603139, order=150656058532, volume=0.03, price=3358.36, bid=3358.36, ask=3358.53, comment='Request executed', request_id=3917391973, retcode_external=0, request=TradeRequest(action=1, magic=123456, order=0, symbol='XAUUSD', volume=0.03, price=3358.36, stoplimit=0.0, sl=3366.0, tp=3358.0, deviation=30, type=1, type_filling=2, type_time=0, expiration=0, comment='TelegramAuto', position=0, position_by=0))
2025-06-03 15:28:51,021 | INFO | MT5 | Récupération tick | XAUUSD | t_tick=1748957331.02169 | delta=0.000s
2025-06-03 15:28:51,021 | INFO | MT5 | Détermination prix entrée | XAUUSD | t_price=1748957331.02169 | delta=0.000s
2025-06-03 15:28:51,022 | INFO | MT5 | Envoi ordre | XAUUSD | t_send=1748957331.02269 | delta=0.001s | Request: {'action': 1, 'symbol': 'XAUUSD', 'volume': 0.03, 'type': 1, 'price': 3358.36, 'sl': 3366.0, 'tp': 3358.0, 'deviation': 30, 'magic': 123456, 'comment': 'TelegramAuto', 'type_time': 0, 'type_filling': 2}
2025-06-03 15:28:51,092 | INFO | MT5 | Réponse reçue | XAUUSD | t_result=1748957331.0920527 | delta=0.069s | Résultat: OrderSendResult(retcode=10009, deal=150648603143, order=150656058535, volume=0.03, price=3358.36, bid=3358.36, ask=3358.53, comment='Request executed', request_id=3917391974, retcode_external=0, request=TradeRequest(action=1, magic=123456, order=0, symbol='XAUUSD', volume=0.03, price=3358.36, stoplimit=0.0, sl=3366.0, tp=3358.0, deviation=30, type=1, type_filling=2, type_time=0, expiration=0, comment='TelegramAuto', position=0, position_by=0))
2025-06-03 15:28:51,117 | INFO | Ordre envoyé à MT5 | 2025-06-03 13:28:50 | t2=1748957330.5496714 | delta=0.000s | Résultat: [{'ticket': 150656058514, 'symbol': 'XAUUSD', 'tp': 3358.0, 'sl': 3366.0}, {'ticket': 150656058532, 'symbol': 'XAUUSD', 'tp': 3358.0, 'sl': 3366.0}, {'ticket': 150656058535, 'symbol': 'XAUUSD', 'tp': 3358.0, 'sl': 3366.0}]
2025-06-03 15:28:51,118 | INFO | Réponse MT5 reçue | 2025-06-03 13:28:50 | t3=1748957331.1175346 | delta=0.568s | Total: 0.679s
2025-06-03 15:36:53,679 | INFO | Signal reçu | Telegram | 2025-06-03 13:36:53 | Début traitement | t0=1748957813.5699577
2025-06-03 15:36:53,811 | INFO | Message reçu mais non reconnu comme signal exploitable (symbole, type, TP, SL nécessaires).
2025-06-03 15:36:53,811 | INFO | Signal parsé | 2025-06-03 13:36:53 | t1=1748957813.8114426 | delta=0.241s
2025-06-03 15:36:53,815 | INFO | [2025-06-03 13:36:53] Message non reconnu comme signal : +90 pips en cours 🔥
2025-06-03 15:37:29,379 | INFO | Signal reçu | Telegram | 2025-06-03 13:36:59 | Début traitement | t0=1748957849.3329334
2025-06-03 15:37:29,379 | INFO | Signal parsé | 2025-06-03 13:36:59 | t1=1748957849.3798547 | delta=0.047s
2025-06-03 15:37:29,379 | INFO | 
=== Signal de trading détecté ===
Date/heure : 2025-06-03 13:36:59
Groupe/canal : Forex b’darija 📊
Expéditeur : Forex b’darija 📊
Signal parsé : {'symbol': 'XAUUSD', 'type': 'SELL', 'entries': [], 'tp': [3358.0, 3356.0, 3350.0], 'sl': 3366.0}
===============================

2025-06-03 15:37:29,379 | INFO | MT5 | Récupération tick | XAUUSD | t_tick=1748957849.3798547 | delta=0.000s
2025-06-03 15:37:29,379 | INFO | MT5 | Détermination prix entrée | XAUUSD | t_price=1748957849.3798547 | delta=0.000s
2025-06-03 15:37:29,379 | INFO | MT5 | Envoi ordre | XAUUSD | t_send=1748957849.3798547 | delta=0.000s | Request: {'action': 1, 'symbol': 'XAUUSD', 'volume': 0.03, 'type': 1, 'price': 3354.44, 'sl': 3366.0, 'tp': 3358.0, 'deviation': 30, 'magic': 123456, 'comment': 'TelegramAuto', 'type_time': 0, 'type_filling': 2}
2025-06-03 15:37:29,379 | INFO | MT5 | Réponse reçue | XAUUSD | t_result=1748957849.3798547 | delta=0.000s | Résultat: OrderSendResult(retcode=10016, deal=0, order=0, volume=0.0, price=0.0, bid=0.0, ask=0.0, comment='Invalid stops', request_id=0, retcode_external=0, request=TradeRequest(action=1, magic=123456, order=0, symbol='XAUUSD', volume=0.03, price=3354.44, stoplimit=0.0, sl=3366.0, tp=3358.0, deviation=30, type=1, type_filling=2, type_time=0, expiration=0, comment='TelegramAuto', position=0, position_by=0))
2025-06-03 15:37:29,388 | INFO | MT5 | Récupération tick | XAUUSD | t_tick=1748957849.3883948 | delta=0.000s
2025-06-03 15:37:29,388 | INFO | MT5 | Détermination prix entrée | XAUUSD | t_price=1748957849.3883948 | delta=0.000s
2025-06-03 15:37:29,389 | INFO | MT5 | Envoi ordre | XAUUSD | t_send=1748957849.3893976 | delta=0.001s | Request: {'action': 1, 'symbol': 'XAUUSD', 'volume': 0.03, 'type': 1, 'price': 3354.44, 'sl': 3366.0, 'tp': 3358.0, 'deviation': 30, 'magic': 123456, 'comment': 'TelegramAuto', 'type_time': 0, 'type_filling': 2}
2025-06-03 15:37:29,390 | INFO | MT5 | Réponse reçue | XAUUSD | t_result=1748957849.3903975 | delta=0.001s | Résultat: OrderSendResult(retcode=10016, deal=0, order=0, volume=0.0, price=0.0, bid=0.0, ask=0.0, comment='Invalid stops', request_id=0, retcode_external=0, request=TradeRequest(action=1, magic=123456, order=0, symbol='XAUUSD', volume=0.03, price=3354.44, stoplimit=0.0, sl=3366.0, tp=3358.0, deviation=30, type=1, type_filling=2, type_time=0, expiration=0, comment='TelegramAuto', position=0, position_by=0))
2025-06-03 15:37:29,402 | INFO | MT5 | Récupération tick | XAUUSD | t_tick=1748957849.402397 | delta=0.000s
2025-06-03 15:37:29,402 | INFO | MT5 | Détermination prix entrée | XAUUSD | t_price=1748957849.402397 | delta=0.000s
2025-06-03 15:37:29,403 | INFO | MT5 | Envoi ordre | XAUUSD | t_send=1748957849.4033968 | delta=0.001s | Request: {'action': 1, 'symbol': 'XAUUSD', 'volume': 0.03, 'type': 1, 'price': 3354.44, 'sl': 3366.0, 'tp': 3358.0, 'deviation': 30, 'magic': 123456, 'comment': 'TelegramAuto', 'type_time': 0, 'type_filling': 2}
2025-06-03 15:37:29,494 | INFO | MT5 | Réponse reçue | XAUUSD | t_result=1748957849.4942827 | delta=0.091s | Résultat: OrderSendResult(retcode=10016, deal=0, order=0, volume=0.0, price=0.0, bid=0.0, ask=0.0, comment='Invalid stops', request_id=0, retcode_external=0, request=TradeRequest(action=1, magic=123456, order=0, symbol='XAUUSD', volume=0.03, price=3354.44, stoplimit=0.0, sl=3366.0, tp=3358.0, deviation=30, type=1, type_filling=2, type_time=0, expiration=0, comment='TelegramAuto', position=0, position_by=0))
2025-06-03 15:37:29,496 | INFO | Ordre envoyé à MT5 | 2025-06-03 13:36:59 | t2=1748957849.3798547 | delta=0.000s | Résultat: [{'error': 'Order failed: Invalid stops'}, {'error': 'Order failed: Invalid stops'}, {'error': 'Order failed: Invalid stops'}]
2025-06-03 15:37:29,497 | INFO | Réponse MT5 reçue | 2025-06-03 13:36:59 | t3=1748957849.4962811 | delta=0.116s | Total: 0.163s
2025-06-03 15:37:29,501 | INFO | Signal reçu | Telegram | 2025-06-03 13:36:59 | Début traitement | t0=1748957849.3329334
2025-06-03 15:37:29,501 | INFO | Message reçu mais non reconnu comme signal exploitable (symbole, type, TP, SL nécessaires).
2025-06-03 15:37:29,502 | INFO | Signal parsé | 2025-06-03 13:36:59 | t1=1748957849.5022824 | delta=0.169s
2025-06-03 15:37:29,512 | INFO | [2025-06-03 13:36:59] Message non reconnu comme signal : +90 pips en cours 🔥
2025-06-03 15:37:29,542 | INFO | Signal reçu | Telegram | 2025-06-03 13:37:21 | Début traitement | t0=1748957849.3329334
2025-06-03 15:37:29,714 | INFO | Message reçu mais non reconnu comme signal exploitable (symbole, type, TP, SL nécessaires).
2025-06-03 15:37:29,714 | INFO | Signal parsé | 2025-06-03 13:37:21 | t1=1748957849.7145813 | delta=0.382s
2025-06-03 15:37:29,715 | INFO | [2025-06-03 13:37:21] Message non reconnu comme signal : (Ceci est un témoignage et pas un signal ☝🏻)
2025-06-03 15:37:52,943 | INFO | Signal reçu | Telegram | 2025-06-03 13:37:38 | Début traitement | t0=1748957872.880599
2025-06-03 15:37:52,943 | INFO | Message reçu mais non reconnu comme signal exploitable (symbole, type, TP, SL nécessaires).
2025-06-03 15:37:52,943 | INFO | Signal parsé | 2025-06-03 13:37:38 | t1=1748957872.9439588 | delta=0.063s
2025-06-03 15:37:52,943 | INFO | [2025-06-03 13:37:38] Message non reconnu comme signal : Again dans le VIP 🤫
2025-06-03 15:37:52,943 | INFO | Signal reçu | Telegram | 2025-06-03 13:37:52 | Début traitement | t0=1748957872.880599
2025-06-03 15:37:52,943 | INFO | Message reçu mais non reconnu comme signal exploitable (symbole, type, TP, SL nécessaires).
2025-06-03 15:37:52,943 | INFO | Signal parsé | 2025-06-03 13:37:52 | t1=1748957872.9439588 | delta=0.063s
2025-06-03 15:37:52,943 | INFO | [2025-06-03 13:37:52] Message non reconnu comme signal : Montrez moi vos profits 🔥 @FXBDARIJA 🥳
2025-06-03 15:47:24,429 | INFO | Signal reçu | Telegram | 2025-06-03 13:47:00 | Début traitement | t0=1748958444.0194342
2025-06-03 15:47:24,429 | INFO | Message reçu mais non reconnu comme signal exploitable (symbole, type, TP, SL nécessaires).
2025-06-03 15:47:24,429 | INFO | Signal parsé | 2025-06-03 13:47:00 | t1=1748958444.4296932 | delta=0.410s
2025-06-03 15:47:24,429 | INFO | [2025-06-03 13:47:00] Message non reconnu comme signal : 
2025-06-03 15:47:24,429 | INFO | Signal reçu | Telegram | 2025-06-03 13:47:00 | Début traitement | t0=1748958444.0194342
2025-06-03 15:47:24,429 | INFO | Message reçu mais non reconnu comme signal exploitable (symbole, type, TP, SL nécessaires).
2025-06-03 15:47:24,429 | INFO | Signal parsé | 2025-06-03 13:47:00 | t1=1748958444.4296932 | delta=0.410s
2025-06-03 15:47:24,429 | INFO | [2025-06-03 13:47:00] Message non reconnu comme signal : 
2025-06-03 15:47:24,429 | INFO | Signal reçu | Telegram | 2025-06-03 13:47:11 | Début traitement | t0=1748958444.0194342
2025-06-03 15:47:24,440 | INFO | Message reçu mais non reconnu comme signal exploitable (symbole, type, TP, SL nécessaires).
2025-06-03 15:47:24,440 | INFO | Signal parsé | 2025-06-03 13:47:11 | t1=1748958444.4407735 | delta=0.421s
2025-06-03 15:47:24,441 | INFO | [2025-06-03 13:47:11] Message non reconnu comme signal : 
2025-06-03 15:47:24,447 | INFO | Signal reçu | Telegram | 2025-06-03 13:46:52 | Début traitement | t0=1748958444.0194342
2025-06-03 15:47:24,525 | INFO | Message reçu mais non reconnu comme signal exploitable (symbole, type, TP, SL nécessaires).
2025-06-03 15:47:24,526 | INFO | Signal parsé | 2025-06-03 13:46:52 | t1=1748958444.5266852 | delta=0.507s
2025-06-03 15:47:24,526 | INFO | [2025-06-03 13:46:52] Message non reconnu comme signal : The owner of gold ✌️
2025-06-03 15:47:24,528 | INFO | Signal reçu | Telegram | 2025-06-03 13:47:14 | Début traitement | t0=1748958444.0194342
2025-06-03 15:47:24,528 | INFO | Message reçu mais non reconnu comme signal exploitable (symbole, type, TP, SL nécessaires).
2025-06-03 15:47:24,529 | INFO | Signal parsé | 2025-06-03 13:47:14 | t1=1748958444.5292587 | delta=0.510s
2025-06-03 15:47:24,529 | INFO | [2025-06-03 13:47:14] Message non reconnu comme signal : Merci beaucoup 🥰🥰
2025-06-03 15:47:27,119 | INFO | Signal reçu | Telegram | 2025-06-03 13:47:26 | Début traitement | t0=1748958447.071781
2025-06-03 15:47:27,119 | INFO | Message reçu mais non reconnu comme signal exploitable (symbole, type, TP, SL nécessaires).
2025-06-03 15:47:27,119 | INFO | Signal parsé | 2025-06-03 13:47:26 | t1=1748958447.1198819 | delta=0.048s
2025-06-03 15:47:27,119 | INFO | [2025-06-03 13:47:26] Message non reconnu comme signal : 
2025-06-03 15:48:03,450 | INFO | Signal reçu | Telegram | 2025-06-03 13:47:30 | Début traitement | t0=1748958483.4027445
2025-06-03 15:48:03,450 | INFO | Message reçu mais non reconnu comme signal exploitable (symbole, type, TP, SL nécessaires).
2025-06-03 15:48:03,450 | INFO | Signal parsé | 2025-06-03 13:47:30 | t1=1748958483.4504952 | delta=0.048s
2025-06-03 15:48:03,450 | INFO | [2025-06-03 13:47:30] Message non reconnu comme signal : merci
2025-06-03 15:48:03,992 | INFO | Got difference for channel 1311425945 updates
2025-06-03 15:48:03,992 | INFO | Signal reçu | Telegram | 2025-06-03 13:47:38 | Début traitement | t0=1748958483.9924185
2025-06-03 15:48:03,992 | INFO | Message reçu mais non reconnu comme signal exploitable (symbole, type, TP, SL nécessaires).
2025-06-03 15:48:03,992 | INFO | Signal parsé | 2025-06-03 13:47:38 | t1=1748958483.9924185 | delta=0.000s
2025-06-03 15:48:03,992 | INFO | [2025-06-03 13:47:38] Message non reconnu comme signal : 
2025-06-03 15:48:03,992 | INFO | Signal reçu | Telegram | 2025-06-03 13:47:44 | Début traitement | t0=1748958483.9924185
2025-06-03 15:48:03,992 | INFO | Message reçu mais non reconnu comme signal exploitable (symbole, type, TP, SL nécessaires).
2025-06-03 15:48:03,992 | INFO | Signal parsé | 2025-06-03 13:47:44 | t1=1748958483.9924185 | delta=0.000s
2025-06-03 15:48:03,992 | INFO | [2025-06-03 13:47:44] Message non reconnu comme signal : 
2025-06-03 15:51:30,121 | INFO | Got difference for channel 1311425945 updates
2025-06-03 15:55:29,678 | INFO | Signal reçu | Telegram | 2025-06-03 13:55:03 | Début traitement | t0=1748958929.6269555
2025-06-03 15:55:29,678 | INFO | Message reçu mais non reconnu comme signal exploitable (symbole, type, TP, SL nécessaires).
2025-06-03 15:55:29,678 | INFO | Signal parsé | 2025-06-03 13:55:03 | t1=1748958929.6789973 | delta=0.052s
2025-06-03 15:55:29,678 | INFO | [2025-06-03 13:55:03] Message non reconnu comme signal : 
2025-06-03 15:55:29,678 | INFO | Signal reçu | Telegram | 2025-06-03 13:55:03 | Début traitement | t0=1748958929.6269555
2025-06-03 15:55:29,678 | INFO | Message reçu mais non reconnu comme signal exploitable (symbole, type, TP, SL nécessaires).
2025-06-03 15:55:29,678 | INFO | Signal parsé | 2025-06-03 13:55:03 | t1=1748958929.6789973 | delta=0.052s
2025-06-03 15:55:29,678 | INFO | [2025-06-03 13:55:03] Message non reconnu comme signal : 
2025-06-03 15:55:29,678 | INFO | Signal reçu | Telegram | 2025-06-03 13:55:03 | Début traitement | t0=1748958929.6269555
2025-06-03 15:55:29,678 | INFO | Message reçu mais non reconnu comme signal exploitable (symbole, type, TP, SL nécessaires).
2025-06-03 15:55:29,678 | INFO | Signal parsé | 2025-06-03 13:55:03 | t1=1748958929.6789973 | delta=0.052s
2025-06-03 15:55:29,678 | INFO | [2025-06-03 13:55:03] Message non reconnu comme signal : Thanks
2025-06-03 15:56:11,624 | INFO | Signal reçu | Telegram | 2025-06-03 13:56:05 | Début traitement | t0=1748958971.5925965
2025-06-03 15:56:11,624 | INFO | Message reçu mais non reconnu comme signal exploitable (symbole, type, TP, SL nécessaires).
2025-06-03 15:56:11,624 | INFO | Signal parsé | 2025-06-03 13:56:05 | t1=1748958971.6248617 | delta=0.032s
2025-06-03 15:56:11,624 | INFO | [2025-06-03 13:56:05] Message non reconnu comme signal : +180 pips en cours 🔥🤫
2025-06-03 16:14:10,118 | INFO | Got difference for channel 1396512362 updates
2025-06-03 16:35:59,013 | INFO | Got difference for channel 2529903117 updates
2025-06-03 16:57:31,037 | INFO | Got difference for channel 1530008400 updates
2025-06-03 17:00:31,084 | INFO | Got difference for channel 1530008400 updates
2025-06-03 17:14:10,953 | INFO | Got difference for channel 1530008400 updates
2025-06-03 17:23:31,433 | INFO | Got difference for channel 1530008400 updates
2025-06-03 17:31:31,914 | INFO | Got difference for channel 1530008400 updates
2025-06-03 17:31:31,938 | INFO | Got difference for channel 1670942941 updates
2025-06-03 17:41:32,064 | INFO | Got difference for channel 1530008400 updates
2025-06-03 17:47:32,106 | INFO | Got difference for channel 1530008400 updates
2025-06-03 17:48:28,303 | INFO | Got difference for channel 1530008400 updates
2025-06-03 18:51:30,816 | INFO | Got difference for channel 1311425945 updates
2025-06-03 18:55:59,448 | INFO | Got difference for channel 1818809358 updates
2025-06-03 19:07:33,318 | INFO | Signal reçu | Telegram | 2025-06-03 17:07:27 | Début traitement | t0=1748970453.2706509
2025-06-03 19:07:33,318 | INFO | Message reçu mais non reconnu comme signal exploitable (symbole, type, TP, SL nécessaires).
2025-06-03 19:07:33,318 | INFO | Signal parsé | 2025-06-03 17:07:27 | t1=1748970453.3183758 | delta=0.048s
2025-06-03 19:07:33,318 | INFO | [2025-06-03 17:07:27] Message non reconnu comme signal : 
2025-06-03 19:10:33,393 | INFO | Signal reçu | Telegram | 2025-06-03 17:10:13 | Début traitement | t0=1748970633.3465343
2025-06-03 19:10:33,393 | INFO | Message reçu mais non reconnu comme signal exploitable (symbole, type, TP, SL nécessaires).
2025-06-03 19:10:33,393 | INFO | Signal parsé | 2025-06-03 17:10:13 | t1=1748970633.3939247 | delta=0.047s
2025-06-03 19:10:33,393 | INFO | [2025-06-03 17:10:13] Message non reconnu comme signal : Envoyez moi “VIP” 👉🏻 @FXBDARIJA 📈
2025-06-03 19:10:59,463 | INFO | Got difference for channel 1818809358 updates
2025-06-03 21:03:21,856 | INFO | Got difference for channel 1530008400 updates
2025-06-03 21:03:21,891 | INFO | Got difference for channel 1396512362 updates
2025-06-03 21:25:35,183 | INFO | Got difference for channel 2529903117 updates
2025-06-03 22:04:36,586 | INFO | Signal reçu | Telegram | 2025-06-03 20:04:05 | Début traitement | t0=1748981076.5387905
2025-06-03 22:04:36,586 | INFO | Message reçu mais non reconnu comme signal exploitable (symbole, type, TP, SL nécessaires).
2025-06-03 22:04:36,586 | INFO | Signal parsé | 2025-06-03 20:04:05 | t1=1748981076.5865016 | delta=0.048s
2025-06-03 22:04:36,586 | INFO | [2025-06-03 20:04:05] Message non reconnu comme signal : Envoyez moi “VIP” 👉🏻 @FXBDARIJA 📈
2025-06-03 22:18:51,985 | INFO | Signal reçu | Telegram | 2025-06-03 20:18:51 | Début traitement | t0=1748981931.9226618
2025-06-03 22:18:51,985 | INFO | Message reçu mais non reconnu comme signal exploitable (symbole, type, TP, SL nécessaires).
2025-06-03 22:18:51,985 | INFO | Signal parsé | 2025-06-03 20:18:51 | t1=1748981931.9858902 | delta=0.063s
2025-06-03 22:18:51,985 | INFO | [2025-06-03 20:18:51] Message non reconnu comme signal : +30 pips ✅
2025-06-03 22:18:57,038 | INFO | Signal reçu | Telegram | 2025-06-03 20:18:56 | Début traitement | t0=1748981936.914036
2025-06-03 22:18:57,038 | INFO | Message reçu mais non reconnu comme signal exploitable (symbole, type, TP, SL nécessaires).
2025-06-03 22:18:57,038 | INFO | Signal parsé | 2025-06-03 20:18:56 | t1=1748981937.038723 | delta=0.125s
2025-06-03 22:18:57,038 | INFO | [2025-06-03 20:18:56] Message non reconnu comme signal : +170 pips ✅
2025-06-03 22:19:38,575 | INFO | Signal reçu | Telegram | 2025-06-03 20:19:38 | Début traitement | t0=1748981978.5353084
2025-06-03 22:19:38,576 | INFO | Message reçu mais non reconnu comme signal exploitable (symbole, type, TP, SL nécessaires).
2025-06-03 22:19:38,576 | INFO | Signal parsé | 2025-06-03 20:19:38 | t1=1748981978.5763044 | delta=0.041s
2025-06-03 22:19:38,576 | INFO | [2025-06-03 20:19:38] Message non reconnu comme signal : +100 pips ✅
2025-06-03 22:19:43,933 | INFO | Signal reçu | Telegram | 2025-06-03 20:19:43 | Début traitement | t0=1748981983.9012134
2025-06-03 22:19:43,933 | INFO | Message reçu mais non reconnu comme signal exploitable (symbole, type, TP, SL nécessaires).
2025-06-03 22:19:43,933 | INFO | Signal parsé | 2025-06-03 20:19:43 | t1=1748981983.933355 | delta=0.032s
2025-06-03 22:19:43,933 | INFO | [2025-06-03 20:19:43] Message non reconnu comme signal : +100 pips ✅
2025-06-03 22:20:36,764 | INFO | Signal reçu | Telegram | 2025-06-03 20:20:36 | Début traitement | t0=1748982036.7154036
2025-06-03 22:20:36,764 | INFO | Message reçu mais non reconnu comme signal exploitable (symbole, type, TP, SL nécessaires).
2025-06-03 22:20:36,764 | INFO | Signal parsé | 2025-06-03 20:20:36 | t1=1748982036.764189 | delta=0.049s
2025-06-03 22:20:36,764 | INFO | [2025-06-03 20:20:36] Message non reconnu comme signal : +80 pips ✅
2025-06-03 22:20:42,294 | INFO | Signal reçu | Telegram | 2025-06-03 20:20:41 | Début traitement | t0=1748982042.0638435
2025-06-03 22:20:42,294 | INFO | Message reçu mais non reconnu comme signal exploitable (symbole, type, TP, SL nécessaires).
2025-06-03 22:20:42,294 | INFO | Signal parsé | 2025-06-03 20:20:41 | t1=1748982042.2943482 | delta=0.231s
2025-06-03 22:20:42,294 | INFO | [2025-06-03 20:20:41] Message non reconnu comme signal : +80 pips ✅
2025-06-03 22:25:06,096 | INFO | Signal reçu | Telegram | 2025-06-03 20:25:05 | Début traitement | t0=1748982306.0491586
2025-06-03 22:25:06,096 | INFO | Message reçu mais non reconnu comme signal exploitable (symbole, type, TP, SL nécessaires).
2025-06-03 22:25:06,096 | INFO | Signal parsé | 2025-06-03 20:25:05 | t1=1748982306.096896 | delta=0.048s
2025-06-03 22:25:06,096 | INFO | [2025-06-03 20:25:05] Message non reconnu comme signal : -50 pips
2025-06-03 22:26:43,739 | INFO | Signal reçu | Telegram | 2025-06-03 20:26:42 | Début traitement | t0=1748982403.5957985
2025-06-03 22:26:43,739 | INFO | Message reçu mais non reconnu comme signal exploitable (symbole, type, TP, SL nécessaires).
2025-06-03 22:26:43,739 | INFO | Signal parsé | 2025-06-03 20:26:42 | t1=1748982403.7391183 | delta=0.143s
2025-06-03 22:26:43,739 | INFO | [2025-06-03 20:26:42] Message non reconnu comme signal : VIP formance   

MON 2 JUN 
GBPCAD  SELL   TP  +20 
GBPCAD  SELL   TP  +20 
GBPCAD  SELL   TP  +20 

2025-06-03 22:27:17,327 | INFO | Signal reçu | Telegram | 2025-06-03 20:27:16 | Début traitement | t0=1748982437.2163854
2025-06-03 22:27:17,327 | INFO | Message reçu mais non reconnu comme signal exploitable (symbole, type, TP, SL nécessaires).
2025-06-03 22:27:17,327 | INFO | Signal parsé | 2025-06-03 20:27:16 | t1=1748982437.3273342 | delta=0.111s
2025-06-03 22:27:17,327 | INFO | [2025-06-03 20:27:16] Message non reconnu comme signal : +170 pips ✅
2025-06-03 22:28:44,745 | INFO | Signal reçu | Telegram | 2025-06-03 20:28:43 | Début traitement | t0=1748982524.0786674
2025-06-03 22:28:44,745 | INFO | Message reçu mais non reconnu comme signal exploitable (symbole, type, TP, SL nécessaires).
2025-06-03 22:28:44,745 | INFO | Signal parsé | 2025-06-03 20:28:43 | t1=1748982524.7450953 | delta=0.666s
2025-06-03 22:28:44,745 | INFO | [2025-06-03 20:28:43] Message non reconnu comme signal : +20 pips
2025-06-03 22:28:51,571 | INFO | Signal reçu | Telegram | 2025-06-03 20:28:49 | Début traitement | t0=1748982531.5240786
2025-06-03 22:28:51,571 | INFO | Message reçu mais non reconnu comme signal exploitable (symbole, type, TP, SL nécessaires).
2025-06-03 22:28:51,571 | INFO | Signal parsé | 2025-06-03 20:28:49 | t1=1748982531.5718997 | delta=0.048s
2025-06-03 22:28:51,571 | INFO | [2025-06-03 20:28:49] Message non reconnu comme signal : +20 pips ✅
2025-06-03 22:29:52,190 | INFO | Signal reçu | Telegram | 2025-06-03 20:29:51 | Début traitement | t0=1748982592.1430535
2025-06-03 22:29:52,190 | INFO | Message reçu mais non reconnu comme signal exploitable (symbole, type, TP, SL nécessaires).
2025-06-03 22:29:52,190 | INFO | Signal parsé | 2025-06-03 20:29:51 | t1=1748982592.190392 | delta=0.047s
2025-06-03 22:29:52,190 | INFO | [2025-06-03 20:29:51] Message non reconnu comme signal : +120 pips ✅
2025-06-03 22:30:16,785 | INFO | Signal reçu | Telegram | 2025-06-03 20:30:16 | Début traitement | t0=1748982616.705658
2025-06-03 22:30:16,785 | INFO | Message reçu mais non reconnu comme signal exploitable (symbole, type, TP, SL nécessaires).
2025-06-03 22:30:16,785 | INFO | Signal parsé | 2025-06-03 20:30:16 | t1=1748982616.7850416 | delta=0.079s
2025-06-03 22:30:16,785 | INFO | [2025-06-03 20:30:16] Message non reconnu comme signal : +100 pips ✅
2025-06-03 22:30:22,963 | INFO | Signal reçu | Telegram | 2025-06-03 20:30:22 | Début traitement | t0=1748982622.8649426
2025-06-03 22:30:22,963 | INFO | Message reçu mais non reconnu comme signal exploitable (symbole, type, TP, SL nécessaires).
2025-06-03 22:30:22,963 | INFO | Signal parsé | 2025-06-03 20:30:22 | t1=1748982622.9639766 | delta=0.099s
2025-06-03 22:30:22,963 | INFO | [2025-06-03 20:30:22] Message non reconnu comme signal : +50 pips ✅
2025-06-03 22:35:23,001 | INFO | Signal reçu | Telegram | 2025-06-03 20:35:19 | Début traitement | t0=1748982922.9543836
2025-06-03 22:35:23,001 | INFO | Message reçu mais non reconnu comme signal exploitable (symbole, type, TP, SL nécessaires).
2025-06-03 22:35:23,001 | INFO | Signal parsé | 2025-06-03 20:35:19 | t1=1748982923.0014977 | delta=0.047s
2025-06-03 22:35:23,001 | INFO | [2025-06-03 20:35:19] Message non reconnu comme signal : Bilan d’aujourd’hui 🔥 

BUY XAUUSD +30 pips ✅ 
BUY XAUUSD +170 pips ✅ 
BUY EURJPY +100 pips ✅ 
BUY E
2025-06-03 22:49:37,483 | INFO | Signal reçu | Telegram | 2025-06-03 20:49:06 | Début traitement | t0=1748983777.388143
2025-06-03 22:49:37,483 | INFO | Message reçu mais non reconnu comme signal exploitable (symbole, type, TP, SL nécessaires).
2025-06-03 22:49:37,483 | INFO | Signal parsé | 2025-06-03 20:49:06 | t1=1748983777.4835649 | delta=0.095s
2025-06-03 22:49:37,483 | INFO | [2025-06-03 20:49:06] Message non reconnu comme signal : Je vous rappelle que pour nous rejoindre c’est 100% GRATUIT, vous devez juste avoir votre capital ✅ 
2025-06-03 22:56:00,525 | INFO | Got difference for channel 1760190415 updates
2025-06-03 23:39:38,464 | INFO | Got difference for channel 2529903117 updates
2025-06-03 23:54:38,484 | INFO | Got difference for channel 2529903117 updates
2025-06-04 08:43:08,693 | INFO | Signal reçu | Telegram | 2025-06-04 06:43:08 | Début traitement | t0=1749019388.6137874
2025-06-04 08:43:08,693 | INFO | Signal parsé | 2025-06-04 06:43:08 | t1=1749019388.6931138 | delta=0.079s
2025-06-04 08:43:08,693 | INFO | 
=== Signal de trading détecté ===
Date/heure : 2025-06-04 06:43:08
Groupe/canal : Forex B’darija VIP 3.0 👑
Expéditeur : Forex B’darija VIP 3.0 👑
Signal parsé : {'symbol': 'GBPCAD', 'type': 'BUY', 'entries': [], 'tp': [1.8565, 1.8595, 1.8645], 'sl': 1.8495}
===============================

2025-06-04 08:43:08,713 | INFO | MT5 | Récupération tick | GBPCAD | t_tick=1749019388.7137642 | delta=0.000s
2025-06-04 08:43:08,713 | INFO | MT5 | Détermination prix entrée | GBPCAD | t_price=1749019388.7137642 | delta=0.000s
2025-06-04 08:43:08,718 | INFO | MT5 | Envoi ordre | GBPCAD | t_send=1749019388.7185366 | delta=0.005s | Request: {'action': 1, 'symbol': 'GBPCAD', 'volume': 0.03, 'type': 0, 'price': 1.8558400000000002, 'sl': 1.8495, 'tp': 1.8565, 'deviation': 30, 'magic': 123456, 'comment': 'TelegramAuto', 'type_time': 0, 'type_filling': 2}
2025-06-04 08:43:08,746 | INFO | MT5 | Réponse reçue | GBPCAD | t_result=1749019388.745661 | delta=0.027s | Résultat: OrderSendResult(retcode=10009, deal=150650020554, order=150657477933, volume=0.03, price=1.8558400000000002, bid=1.8551, ask=1.8558400000000002, comment='Request executed', request_id=3917391975, retcode_external=0, request=TradeRequest(action=1, magic=123456, order=0, symbol='GBPCAD', volume=0.03, price=1.8558400000000002, stoplimit=0.0, sl=1.8495, tp=1.8565, deviation=30, type=0, type_filling=2, type_time=0, expiration=0, comment='TelegramAuto', position=0, position_by=0))
2025-06-04 08:43:08,748 | INFO | MT5 | Récupération tick | GBPCAD | t_tick=1749019388.7486606 | delta=0.000s
2025-06-04 08:43:08,749 | INFO | MT5 | Détermination prix entrée | GBPCAD | t_price=1749019388.749666 | delta=0.001s
2025-06-04 08:43:08,752 | INFO | MT5 | Envoi ordre | GBPCAD | t_send=1749019388.7526608 | delta=0.003s | Request: {'action': 1, 'symbol': 'GBPCAD', 'volume': 0.03, 'type': 0, 'price': 1.8558400000000002, 'sl': 1.8495, 'tp': 1.8565, 'deviation': 30, 'magic': 123456, 'comment': 'TelegramAuto', 'type_time': 0, 'type_filling': 2}
2025-06-04 08:43:08,775 | INFO | MT5 | Réponse reçue | GBPCAD | t_result=1749019388.7754035 | delta=0.023s | Résultat: OrderSendResult(retcode=10009, deal=150650020556, order=150657477935, volume=0.03, price=1.8558400000000002, bid=1.8551, ask=1.8558400000000002, comment='Request executed', request_id=3917391976, retcode_external=0, request=TradeRequest(action=1, magic=123456, order=0, symbol='GBPCAD', volume=0.03, price=1.8558400000000002, stoplimit=0.0, sl=1.8495, tp=1.8565, deviation=30, type=0, type_filling=2, type_time=0, expiration=0, comment='TelegramAuto', position=0, position_by=0))
2025-06-04 08:43:08,777 | INFO | MT5 | Récupération tick | GBPCAD | t_tick=1749019388.7774057 | delta=0.000s
2025-06-04 08:43:08,777 | INFO | MT5 | Détermination prix entrée | GBPCAD | t_price=1749019388.7774057 | delta=0.000s
2025-06-04 08:43:08,778 | INFO | MT5 | Envoi ordre | GBPCAD | t_send=1749019388.7784054 | delta=0.001s | Request: {'action': 1, 'symbol': 'GBPCAD', 'volume': 0.03, 'type': 0, 'price': 1.8558400000000002, 'sl': 1.8495, 'tp': 1.8565, 'deviation': 30, 'magic': 123456, 'comment': 'TelegramAuto', 'type_time': 0, 'type_filling': 2}
2025-06-04 08:43:08,805 | INFO | MT5 | Réponse reçue | GBPCAD | t_result=1749019388.805568 | delta=0.027s | Résultat: OrderSendResult(retcode=10009, deal=150650020557, order=150657477936, volume=0.03, price=1.8558400000000002, bid=1.8551, ask=1.8558400000000002, comment='Request executed', request_id=3917391977, retcode_external=0, request=TradeRequest(action=1, magic=123456, order=0, symbol='GBPCAD', volume=0.03, price=1.8558400000000002, stoplimit=0.0, sl=1.8495, tp=1.8565, deviation=30, type=0, type_filling=2, type_time=0, expiration=0, comment='TelegramAuto', position=0, position_by=0))
2025-06-04 08:43:08,808 | INFO | Ordre envoyé à MT5 | 2025-06-04 06:43:08 | t2=1749019388.7087533 | delta=0.016s | Résultat: [{'ticket': 150657477933, 'symbol': 'GBPCAD', 'tp': 1.8565, 'sl': 1.8495}, {'ticket': 150657477935, 'symbol': 'GBPCAD', 'tp': 1.8565, 'sl': 1.8495}, {'ticket': 150657477936, 'symbol': 'GBPCAD', 'tp': 1.8565, 'sl': 1.8495}]
2025-06-04 08:43:08,809 | INFO | Réponse MT5 reçue | 2025-06-04 06:43:08 | t3=1749019388.8085682 | delta=0.100s | Total: 0.195s
2025-06-04 08:43:12,196 | INFO | Signal reçu | Telegram | 2025-06-04 06:43:12 | Début traitement | t0=1749019392.1023188
2025-06-04 08:43:12,196 | INFO | Signal parsé | 2025-06-04 06:43:12 | t1=1749019392.1969414 | delta=0.095s
2025-06-04 08:43:12,196 | INFO | 
=== Signal de trading détecté ===
Date/heure : 2025-06-04 06:43:12
Groupe/canal : Forex B’darija VIP 3.0 👑
Expéditeur : Forex B’darija VIP 3.0 👑
Signal parsé : {'symbol': 'GBPCAD', 'type': 'BUY', 'entries': [], 'tp': [1.8565, 1.8595, 1.8645], 'sl': 1.8495}
===============================

2025-06-04 08:43:12,196 | INFO | MT5 | Récupération tick | GBPCAD | t_tick=1749019392.1969414 | delta=0.000s
2025-06-04 08:43:12,196 | INFO | MT5 | Détermination prix entrée | GBPCAD | t_price=1749019392.1969414 | delta=0.000s
2025-06-04 08:43:12,196 | INFO | MT5 | Envoi ordre | GBPCAD | t_send=1749019392.1969414 | delta=0.000s | Request: {'action': 1, 'symbol': 'GBPCAD', 'volume': 0.03, 'type': 0, 'price': 1.8558400000000002, 'sl': 1.8495, 'tp': 1.8565, 'deviation': 30, 'magic': 123456, 'comment': 'TelegramAuto', 'type_time': 0, 'type_filling': 2}
2025-06-04 08:43:12,259 | INFO | MT5 | Réponse reçue | GBPCAD | t_result=1749019392.2595925 | delta=0.063s | Résultat: OrderSendResult(retcode=10004, deal=0, order=0, volume=0.0, price=0.0, bid=1.8551199999999999, ask=1.85583, comment='Requote', request_id=3917391978, retcode_external=0, request=TradeRequest(action=1, magic=123456, order=0, symbol='GBPCAD', volume=0.03, price=1.8558400000000002, stoplimit=0.0, sl=1.8495, tp=1.8565, deviation=30, type=0, type_filling=2, type_time=0, expiration=0, comment='TelegramAuto', position=0, position_by=0))
2025-06-04 08:43:12,275 | INFO | MT5 | Récupération tick | GBPCAD | t_tick=1749019392.2744029 | delta=0.000s
2025-06-04 08:43:12,275 | INFO | MT5 | Détermination prix entrée | GBPCAD | t_price=1749019392.2754025 | delta=0.001s
2025-06-04 08:43:12,275 | INFO | MT5 | Envoi ordre | GBPCAD | t_send=1749019392.2754025 | delta=0.000s | Request: {'action': 1, 'symbol': 'GBPCAD', 'volume': 0.03, 'type': 0, 'price': 1.85583, 'sl': 1.8495, 'tp': 1.8565, 'deviation': 30, 'magic': 123456, 'comment': 'TelegramAuto', 'type_time': 0, 'type_filling': 2}
2025-06-04 08:43:12,348 | INFO | MT5 | Réponse reçue | GBPCAD | t_result=1749019392.348358 | delta=0.073s | Résultat: OrderSendResult(retcode=10009, deal=150650020654, order=150657478033, volume=0.03, price=1.85583, bid=1.8551199999999999, ask=1.85583, comment='Request executed', request_id=3917391979, retcode_external=0, request=TradeRequest(action=1, magic=123456, order=0, symbol='GBPCAD', volume=0.03, price=1.85583, stoplimit=0.0, sl=1.8495, tp=1.8565, deviation=30, type=0, type_filling=2, type_time=0, expiration=0, comment='TelegramAuto', position=0, position_by=0))
2025-06-04 08:43:12,359 | INFO | MT5 | Récupération tick | GBPCAD | t_tick=1749019392.359333 | delta=0.000s
2025-06-04 08:43:12,359 | INFO | MT5 | Détermination prix entrée | GBPCAD | t_price=1749019392.359333 | delta=0.000s
2025-06-04 08:43:12,360 | INFO | MT5 | Envoi ordre | GBPCAD | t_send=1749019392.3603337 | delta=0.001s | Request: {'action': 1, 'symbol': 'GBPCAD', 'volume': 0.03, 'type': 0, 'price': 1.85583, 'sl': 1.8495, 'tp': 1.8565, 'deviation': 30, 'magic': 123456, 'comment': 'TelegramAuto', 'type_time': 0, 'type_filling': 2}
2025-06-04 08:43:12,382 | INFO | MT5 | Réponse reçue | GBPCAD | t_result=1749019392.381334 | delta=0.021s | Résultat: OrderSendResult(retcode=10009, deal=150650020657, order=150657478036, volume=0.03, price=1.85583, bid=1.8551199999999999, ask=1.85583, comment='Request executed', request_id=3917391980, retcode_external=0, request=TradeRequest(action=1, magic=123456, order=0, symbol='GBPCAD', volume=0.03, price=1.85583, stoplimit=0.0, sl=1.8495, tp=1.8565, deviation=30, type=0, type_filling=2, type_time=0, expiration=0, comment='TelegramAuto', position=0, position_by=0))
2025-06-04 08:43:12,478 | INFO | Ordre envoyé à MT5 | 2025-06-04 06:43:12 | t2=1749019392.1969414 | delta=0.000s | Résultat: [{'error': 'Order failed: Requote'}, {'ticket': 150657478033, 'symbol': 'GBPCAD', 'tp': 1.8565, 'sl': 1.8495}, {'ticket': 150657478036, 'symbol': 'GBPCAD', 'tp': 1.8565, 'sl': 1.8495}]
2025-06-04 08:43:12,540 | INFO | Réponse MT5 reçue | 2025-06-04 06:43:12 | t3=1749019392.478137 | delta=0.281s | Total: 0.376s
2025-06-04 08:44:04,295 | INFO | Signal reçu | Telegram | 2025-06-04 06:44:04 | Début traitement | t0=1749019444.2486596
2025-06-04 08:44:04,295 | INFO | Signal parsé | 2025-06-04 06:44:04 | t1=1749019444.295903 | delta=0.047s
2025-06-04 08:44:04,295 | INFO | 
=== Signal de trading détecté ===
Date/heure : 2025-06-04 06:44:04
Groupe/canal : Forex B’darija VIP 3.0 👑
Expéditeur : Forex B’darija VIP 3.0 👑
Signal parsé : {'symbol': 'GBPUSD', 'type': 'BUY', 'entries': [], 'tp': [1.353, 1.356, 1.361], 'sl': 1.346}
===============================

2025-06-04 08:44:04,295 | INFO | MT5 | Récupération tick | GBPUSD | t_tick=1749019444.295903 | delta=0.000s
2025-06-04 08:44:04,295 | INFO | MT5 | Détermination prix entrée | GBPUSD | t_price=1749019444.295903 | delta=0.000s
2025-06-04 08:44:04,295 | INFO | MT5 | Envoi ordre | GBPUSD | t_send=1749019444.295903 | delta=0.000s | Request: {'action': 1, 'symbol': 'GBPUSD', 'volume': 0.03, 'type': 0, 'price': 1.35206, 'sl': 1.346, 'tp': 1.353, 'deviation': 30, 'magic': 123456, 'comment': 'TelegramAuto', 'type_time': 0, 'type_filling': 2}
2025-06-04 08:44:04,418 | INFO | MT5 | Réponse reçue | GBPUSD | t_result=1749019444.4187076 | delta=0.123s | Résultat: OrderSendResult(retcode=10009, deal=150650022109, order=150657479467, volume=0.03, price=1.35206, bid=1.35185, ask=1.35206, comment='Request executed', request_id=3917391981, retcode_external=0, request=TradeRequest(action=1, magic=123456, order=0, symbol='GBPUSD', volume=0.03, price=1.35206, stoplimit=0.0, sl=1.346, tp=1.353, deviation=30, type=0, type_filling=2, type_time=0, expiration=0, comment='TelegramAuto', position=0, position_by=0))
2025-06-04 08:44:04,433 | INFO | MT5 | Récupération tick | GBPUSD | t_tick=1749019444.4336894 | delta=0.000s
2025-06-04 08:44:04,434 | INFO | MT5 | Détermination prix entrée | GBPUSD | t_price=1749019444.434702 | delta=0.001s
2025-06-04 08:44:04,434 | INFO | MT5 | Envoi ordre | GBPUSD | t_send=1749019444.434702 | delta=0.000s | Request: {'action': 1, 'symbol': 'GBPUSD', 'volume': 0.03, 'type': 0, 'price': 1.35206, 'sl': 1.346, 'tp': 1.353, 'deviation': 30, 'magic': 123456, 'comment': 'TelegramAuto', 'type_time': 0, 'type_filling': 2}
2025-06-04 08:44:04,531 | INFO | MT5 | Réponse reçue | GBPUSD | t_result=1749019444.53006 | delta=0.095s | Résultat: OrderSendResult(retcode=10009, deal=150650022112, order=150657479470, volume=0.03, price=1.35206, bid=1.35185, ask=1.35206, comment='Request executed', request_id=3917391982, retcode_external=0, request=TradeRequest(action=1, magic=123456, order=0, symbol='GBPUSD', volume=0.03, price=1.35206, stoplimit=0.0, sl=1.346, tp=1.353, deviation=30, type=0, type_filling=2, type_time=0, expiration=0, comment='TelegramAuto', position=0, position_by=0))
2025-06-04 08:44:04,594 | INFO | MT5 | Récupération tick | GBPUSD | t_tick=1749019444.5948427 | delta=0.000s
2025-06-04 08:44:04,595 | INFO | MT5 | Détermination prix entrée | GBPUSD | t_price=1749019444.5958421 | delta=0.001s
2025-06-04 08:44:04,595 | INFO | MT5 | Envoi ordre | GBPUSD | t_send=1749019444.5958421 | delta=0.000s | Request: {'action': 1, 'symbol': 'GBPUSD', 'volume': 0.03, 'type': 0, 'price': 1.35206, 'sl': 1.346, 'tp': 1.353, 'deviation': 30, 'magic': 123456, 'comment': 'TelegramAuto', 'type_time': 0, 'type_filling': 2}
2025-06-04 08:44:04,679 | INFO | MT5 | Réponse reçue | GBPUSD | t_result=1749019444.6792104 | delta=0.083s | Résultat: OrderSendResult(retcode=10009, deal=150650022115, order=150657479473, volume=0.03, price=1.35206, bid=1.35185, ask=1.35206, comment='Request executed', request_id=3917391983, retcode_external=0, request=TradeRequest(action=1, magic=123456, order=0, symbol='GBPUSD', volume=0.03, price=1.35206, stoplimit=0.0, sl=1.346, tp=1.353, deviation=30, type=0, type_filling=2, type_time=0, expiration=0, comment='TelegramAuto', position=0, position_by=0))
2025-06-04 08:44:04,690 | INFO | Ordre envoyé à MT5 | 2025-06-04 06:44:04 | t2=1749019444.295903 | delta=0.000s | Résultat: [{'ticket': 150657479467, 'symbol': 'GBPUSD', 'tp': 1.353, 'sl': 1.346}, {'ticket': 150657479470, 'symbol': 'GBPUSD', 'tp': 1.353, 'sl': 1.346}, {'ticket': 150657479473, 'symbol': 'GBPUSD', 'tp': 1.353, 'sl': 1.346}]
2025-06-04 08:44:04,691 | INFO | Réponse MT5 reçue | 2025-06-04 06:44:04 | t3=1749019444.690536 | delta=0.395s | Total: 0.442s
2025-06-04 08:44:07,827 | INFO | Signal reçu | Telegram | 2025-06-04 06:44:08 | Début traitement | t0=1749019447.7471077
2025-06-04 08:44:07,827 | INFO | Signal parsé | 2025-06-04 06:44:08 | t1=1749019447.8271065 | delta=0.080s
2025-06-04 08:44:07,827 | INFO | 
=== Signal de trading détecté ===
Date/heure : 2025-06-04 06:44:08
Groupe/canal : Forex B’darija VIP 3.0 👑
Expéditeur : Forex B’darija VIP 3.0 👑
Signal parsé : {'symbol': 'GBPUSD', 'type': 'BUY', 'entries': [], 'tp': [1.353, 1.356, 1.361], 'sl': 1.346}
===============================

2025-06-04 08:44:07,847 | INFO | MT5 | Récupération tick | GBPUSD | t_tick=1749019447.847385 | delta=0.000s
2025-06-04 08:44:07,848 | INFO | MT5 | Détermination prix entrée | GBPUSD | t_price=1749019447.8483891 | delta=0.001s
2025-06-04 08:44:07,881 | INFO | MT5 | Envoi ordre | GBPUSD | t_send=1749019447.881176 | delta=0.033s | Request: {'action': 1, 'symbol': 'GBPUSD', 'volume': 0.03, 'type': 0, 'price': 1.3520699999999999, 'sl': 1.346, 'tp': 1.353, 'deviation': 30, 'magic': 123456, 'comment': 'TelegramAuto', 'type_time': 0, 'type_filling': 2}
2025-06-04 08:44:08,347 | INFO | MT5 | Réponse reçue | GBPUSD | t_result=1749019448.3475258 | delta=0.466s | Résultat: OrderSendResult(retcode=10009, deal=150650022187, order=150657479547, volume=0.03, price=1.3520699999999999, bid=1.35186, ask=1.3520699999999999, comment='Request executed', request_id=3917391984, retcode_external=0, request=TradeRequest(action=1, magic=123456, order=0, symbol='GBPUSD', volume=0.03, price=1.3520699999999999, stoplimit=0.0, sl=1.346, tp=1.353, deviation=30, type=0, type_filling=2, type_time=0, expiration=0, comment='TelegramAuto', position=0, position_by=0))
2025-06-04 08:44:08,404 | INFO | MT5 | Récupération tick | GBPUSD | t_tick=1749019448.4043944 | delta=0.000s
2025-06-04 08:44:08,404 | INFO | MT5 | Détermination prix entrée | GBPUSD | t_price=1749019448.4043944 | delta=0.000s
2025-06-04 08:44:08,404 | INFO | MT5 | Envoi ordre | GBPUSD | t_send=1749019448.4043944 | delta=0.000s | Request: {'action': 1, 'symbol': 'GBPUSD', 'volume': 0.03, 'type': 0, 'price': 1.3520699999999999, 'sl': 1.346, 'tp': 1.353, 'deviation': 30, 'magic': 123456, 'comment': 'TelegramAuto', 'type_time': 0, 'type_filling': 2}
2025-06-04 08:44:08,482 | INFO | MT5 | Réponse reçue | GBPUSD | t_result=1749019448.4820833 | delta=0.078s | Résultat: OrderSendResult(retcode=10009, deal=150650022189, order=150657479549, volume=0.03, price=1.3520699999999999, bid=1.35186, ask=1.3520699999999999, comment='Request executed', request_id=3917391985, retcode_external=0, request=TradeRequest(action=1, magic=123456, order=0, symbol='GBPUSD', volume=0.03, price=1.3520699999999999, stoplimit=0.0, sl=1.346, tp=1.353, deviation=30, type=0, type_filling=2, type_time=0, expiration=0, comment='TelegramAuto', position=0, position_by=0))
2025-06-04 08:44:08,607 | INFO | MT5 | Récupération tick | GBPUSD | t_tick=1749019448.6075873 | delta=0.000s
2025-06-04 08:44:08,608 | INFO | MT5 | Détermination prix entrée | GBPUSD | t_price=1749019448.6075873 | delta=0.000s
2025-06-04 08:44:08,609 | INFO | MT5 | Envoi ordre | GBPUSD | t_send=1749019448.609483 | delta=0.002s | Request: {'action': 1, 'symbol': 'GBPUSD', 'volume': 0.03, 'type': 0, 'price': 1.3520699999999999, 'sl': 1.346, 'tp': 1.353, 'deviation': 30, 'magic': 123456, 'comment': 'TelegramAuto', 'type_time': 0, 'type_filling': 2}
2025-06-04 08:44:08,631 | INFO | MT5 | Réponse reçue | GBPUSD | t_result=1749019448.6312416 | delta=0.022s | Résultat: OrderSendResult(retcode=10009, deal=150650022190, order=150657479551, volume=0.03, price=1.3520699999999999, bid=1.35186, ask=1.3520699999999999, comment='Request executed', request_id=3917391986, retcode_external=0, request=TradeRequest(action=1, magic=123456, order=0, symbol='GBPUSD', volume=0.03, price=1.3520699999999999, stoplimit=0.0, sl=1.346, tp=1.353, deviation=30, type=0, type_filling=2, type_time=0, expiration=0, comment='TelegramAuto', position=0, position_by=0))
2025-06-04 08:44:08,694 | INFO | Ordre envoyé à MT5 | 2025-06-04 06:44:08 | t2=1749019447.847385 | delta=0.020s | Résultat: [{'ticket': 150657479547, 'symbol': 'GBPUSD', 'tp': 1.353, 'sl': 1.346}, {'ticket': 150657479549, 'symbol': 'GBPUSD', 'tp': 1.353, 'sl': 1.346}, {'ticket': 150657479551, 'symbol': 'GBPUSD', 'tp': 1.353, 'sl': 1.346}]
2025-06-04 08:44:08,704 | INFO | Réponse MT5 reçue | 2025-06-04 06:44:08 | t3=1749019448.694027 | delta=0.847s | Total: 0.947s
2025-06-04 08:45:09,899 | INFO | Signal reçu | Telegram | 2025-06-04 06:45:10 | Début traitement | t0=1749019509.8680437
2025-06-04 08:45:09,899 | INFO | Signal parsé | 2025-06-04 06:45:10 | t1=1749019509.8993068 | delta=0.031s
2025-06-04 08:45:09,899 | INFO | 
=== Signal de trading détecté ===
Date/heure : 2025-06-04 06:45:10
Groupe/canal : Forex B’darija VIP 3.0 👑
Expéditeur : Forex B’darija VIP 3.0 👑
Signal parsé : {'symbol': 'EURUSD', 'type': 'BUY', 'entries': [], 'tp': [1.1388, 1.1418, 1.1468], 'sl': 1.13189}
===============================

2025-06-04 08:45:09,899 | INFO | MT5 | Récupération tick | EURUSD | t_tick=1749019509.8993068 | delta=0.000s
2025-06-04 08:45:09,899 | INFO | MT5 | Détermination prix entrée | EURUSD | t_price=1749019509.8993068 | delta=0.000s
2025-06-04 08:45:09,899 | INFO | MT5 | Envoi ordre | EURUSD | t_send=1749019509.8993068 | delta=0.000s | Request: {'action': 1, 'symbol': 'EURUSD', 'volume': 0.03, 'type': 0, 'price': 1.13763, 'sl': 1.13189, 'tp': 1.1388, 'deviation': 30, 'magic': 123456, 'comment': 'TelegramAuto', 'type_time': 0, 'type_filling': 2}
2025-06-04 08:45:10,005 | INFO | MT5 | Réponse reçue | EURUSD | t_result=1749019510.0053697 | delta=0.106s | Résultat: OrderSendResult(retcode=10009, deal=150650024011, order=150657481365, volume=0.03, price=1.13763, bid=1.13751, ask=1.13763, comment='Request executed', request_id=3917391987, retcode_external=0, request=TradeRequest(action=1, magic=123456, order=0, symbol='EURUSD', volume=0.03, price=1.13763, stoplimit=0.0, sl=1.13189, tp=1.1388, deviation=30, type=0, type_filling=2, type_time=0, expiration=0, comment='TelegramAuto', position=0, position_by=0))
2025-06-04 08:45:10,031 | INFO | MT5 | Récupération tick | EURUSD | t_tick=1749019510.0313656 | delta=0.000s
2025-06-04 08:45:10,031 | INFO | MT5 | Détermination prix entrée | EURUSD | t_price=1749019510.0313656 | delta=0.000s
2025-06-04 08:45:10,032 | INFO | MT5 | Envoi ordre | EURUSD | t_send=1749019510.0323784 | delta=0.001s | Request: {'action': 1, 'symbol': 'EURUSD', 'volume': 0.03, 'type': 0, 'price': 1.13763, 'sl': 1.13189, 'tp': 1.1388, 'deviation': 30, 'magic': 123456, 'comment': 'TelegramAuto', 'type_time': 0, 'type_filling': 2}
2025-06-04 08:45:10,121 | INFO | MT5 | Réponse reçue | EURUSD | t_result=1749019510.121252 | delta=0.089s | Résultat: OrderSendResult(retcode=10009, deal=150650024013, order=150657481367, volume=0.03, price=1.13763, bid=1.13751, ask=1.13763, comment='Request executed', request_id=3917391988, retcode_external=0, request=TradeRequest(action=1, magic=123456, order=0, symbol='EURUSD', volume=0.03, price=1.13763, stoplimit=0.0, sl=1.13189, tp=1.1388, deviation=30, type=0, type_filling=2, type_time=0, expiration=0, comment='TelegramAuto', position=0, position_by=0))
2025-06-04 08:45:10,229 | INFO | MT5 | Récupération tick | EURUSD | t_tick=1749019510.2290537 | delta=0.000s
2025-06-04 08:45:10,230 | INFO | MT5 | Détermination prix entrée | EURUSD | t_price=1749019510.2300549 | delta=0.001s
2025-06-04 08:45:10,230 | INFO | MT5 | Envoi ordre | EURUSD | t_send=1749019510.2300549 | delta=0.000s | Request: {'action': 1, 'symbol': 'EURUSD', 'volume': 0.03, 'type': 0, 'price': 1.13763, 'sl': 1.13189, 'tp': 1.1388, 'deviation': 30, 'magic': 123456, 'comment': 'TelegramAuto', 'type_time': 0, 'type_filling': 2}
2025-06-04 08:45:10,251 | INFO | MT5 | Réponse reçue | EURUSD | t_result=1749019510.251693 | delta=0.022s | Résultat: OrderSendResult(retcode=10009, deal=150650024026, order=150657481380, volume=0.03, price=1.13763, bid=1.13751, ask=1.13763, comment='Request executed', request_id=3917391989, retcode_external=0, request=TradeRequest(action=1, magic=123456, order=0, symbol='EURUSD', volume=0.03, price=1.13763, stoplimit=0.0, sl=1.13189, tp=1.1388, deviation=30, type=0, type_filling=2, type_time=0, expiration=0, comment='TelegramAuto', position=0, position_by=0))
2025-06-04 08:45:10,253 | INFO | Ordre envoyé à MT5 | 2025-06-04 06:45:10 | t2=1749019509.8993068 | delta=0.000s | Résultat: [{'ticket': 150657481365, 'symbol': 'EURUSD', 'tp': 1.1388, 'sl': 1.13189}, {'ticket': 150657481367, 'symbol': 'EURUSD', 'tp': 1.1388, 'sl': 1.13189}, {'ticket': 150657481380, 'symbol': 'EURUSD', 'tp': 1.1388, 'sl': 1.13189}]
2025-06-04 08:45:10,254 | INFO | Réponse MT5 reçue | 2025-06-04 06:45:10 | t3=1749019510.2536974 | delta=0.354s | Total: 0.386s
2025-06-04 08:45:14,995 | INFO | Signal reçu | Telegram | 2025-06-04 06:45:13 | Début traitement | t0=1749019514.9644823
2025-06-04 08:45:14,995 | INFO | Signal parsé | 2025-06-04 06:45:13 | t1=1749019514.9957454 | delta=0.031s
2025-06-04 08:45:14,995 | INFO | 
=== Signal de trading détecté ===
Date/heure : 2025-06-04 06:45:13
Groupe/canal : Forex B’darija VIP 3.0 👑
Expéditeur : Forex B’darija VIP 3.0 👑
Signal parsé : {'symbol': 'EURUSD', 'type': 'BUY', 'entries': [], 'tp': [1.1388, 1.1418, 1.1468], 'sl': 1.13189}
===============================

2025-06-04 08:45:14,995 | INFO | MT5 | Récupération tick | EURUSD | t_tick=1749019514.9957454 | delta=0.000s
2025-06-04 08:45:14,995 | INFO | MT5 | Détermination prix entrée | EURUSD | t_price=1749019514.9957454 | delta=0.000s
2025-06-04 08:45:14,995 | INFO | MT5 | Envoi ordre | EURUSD | t_send=1749019514.9957454 | delta=0.000s | Request: {'action': 1, 'symbol': 'EURUSD', 'volume': 0.03, 'type': 0, 'price': 1.13763, 'sl': 1.13189, 'tp': 1.1388, 'deviation': 30, 'magic': 123456, 'comment': 'TelegramAuto', 'type_time': 0, 'type_filling': 2}
2025-06-04 08:45:15,068 | INFO | MT5 | Réponse reçue | EURUSD | t_result=1749019515.0685647 | delta=0.073s | Résultat: OrderSendResult(retcode=10009, deal=150650024224, order=150657481577, volume=0.03, price=1.13763, bid=1.1375, ask=1.13763, comment='Request executed', request_id=3917391990, retcode_external=0, request=TradeRequest(action=1, magic=123456, order=0, symbol='EURUSD', volume=0.03, price=1.13763, stoplimit=0.0, sl=1.13189, tp=1.1388, deviation=30, type=0, type_filling=2, type_time=0, expiration=0, comment='TelegramAuto', position=0, position_by=0))
2025-06-04 08:45:15,131 | INFO | MT5 | Récupération tick | EURUSD | t_tick=1749019515.1316638 | delta=0.000s
2025-06-04 08:45:15,132 | INFO | MT5 | Détermination prix entrée | EURUSD | t_price=1749019515.1321385 | delta=0.000s
2025-06-04 08:45:15,133 | INFO | MT5 | Envoi ordre | EURUSD | t_send=1749019515.1331387 | delta=0.001s | Request: {'action': 1, 'symbol': 'EURUSD', 'volume': 0.03, 'type': 0, 'price': 1.13763, 'sl': 1.13189, 'tp': 1.1388, 'deviation': 30, 'magic': 123456, 'comment': 'TelegramAuto', 'type_time': 0, 'type_filling': 2}
2025-06-04 08:45:15,153 | INFO | MT5 | Réponse reçue | EURUSD | t_result=1749019515.1532366 | delta=0.020s | Résultat: OrderSendResult(retcode=10009, deal=150650024232, order=150657481585, volume=0.03, price=1.13763, bid=1.1375, ask=1.13763, comment='Request executed', request_id=3917391991, retcode_external=0, request=TradeRequest(action=1, magic=123456, order=0, symbol='EURUSD', volume=0.03, price=1.13763, stoplimit=0.0, sl=1.13189, tp=1.1388, deviation=30, type=0, type_filling=2, type_time=0, expiration=0, comment='TelegramAuto', position=0, position_by=0))
2025-06-04 08:45:15,164 | INFO | MT5 | Récupération tick | EURUSD | t_tick=1749019515.1642373 | delta=0.000s
2025-06-04 08:45:15,165 | INFO | MT5 | Détermination prix entrée | EURUSD | t_price=1749019515.1652372 | delta=0.001s
2025-06-04 08:45:15,165 | INFO | MT5 | Envoi ordre | EURUSD | t_send=1749019515.1652372 | delta=0.000s | Request: {'action': 1, 'symbol': 'EURUSD', 'volume': 0.03, 'type': 0, 'price': 1.13763, 'sl': 1.13189, 'tp': 1.1388, 'deviation': 30, 'magic': 123456, 'comment': 'TelegramAuto', 'type_time': 0, 'type_filling': 2}
2025-06-04 08:45:15,267 | INFO | MT5 | Réponse reçue | EURUSD | t_result=1749019515.266827 | delta=0.102s | Résultat: OrderSendResult(retcode=10009, deal=150650024234, order=150657481587, volume=0.03, price=1.13763, bid=1.1375, ask=1.13763, comment='Request executed', request_id=3917391992, retcode_external=0, request=TradeRequest(action=1, magic=123456, order=0, symbol='EURUSD', volume=0.03, price=1.13763, stoplimit=0.0, sl=1.13189, tp=1.1388, deviation=30, type=0, type_filling=2, type_time=0, expiration=0, comment='TelegramAuto', position=0, position_by=0))
2025-06-04 08:45:15,310 | INFO | Ordre envoyé à MT5 | 2025-06-04 06:45:13 | t2=1749019514.9957454 | delta=0.000s | Résultat: [{'ticket': 150657481577, 'symbol': 'EURUSD', 'tp': 1.1388, 'sl': 1.13189}, {'ticket': 150657481585, 'symbol': 'EURUSD', 'tp': 1.1388, 'sl': 1.13189}, {'ticket': 150657481587, 'symbol': 'EURUSD', 'tp': 1.1388, 'sl': 1.13189}]
2025-06-04 08:45:15,310 | INFO | Réponse MT5 reçue | 2025-06-04 06:45:13 | t3=1749019515.310644 | delta=0.315s | Total: 0.346s
2025-06-04 08:46:05,092 | INFO | Signal reçu | Telegram | 2025-06-04 06:46:05 | Début traitement | t0=1749019565.0443087
2025-06-04 08:46:05,092 | INFO | Signal parsé | 2025-06-04 06:46:05 | t1=1749019565.092044 | delta=0.048s
2025-06-04 08:46:05,092 | INFO | 
=== Signal de trading détecté ===
Date/heure : 2025-06-04 06:46:05
Groupe/canal : Forex B’darija VIP 3.0 👑
Expéditeur : Forex B’darija VIP 3.0 👑
Signal parsé : {'symbol': 'EURCAD', 'type': 'BUY', 'entries': [], 'tp': [1.562, 1.565, 1.57], 'sl': 1.555}
===============================

2025-06-04 08:46:05,092 | INFO | MT5 | Récupération tick | EURCAD | t_tick=1749019565.092044 | delta=0.000s
2025-06-04 08:46:05,092 | INFO | MT5 | Détermination prix entrée | EURCAD | t_price=1749019565.092044 | delta=0.000s
2025-06-04 08:46:05,092 | INFO | MT5 | Envoi ordre | EURCAD | t_send=1749019565.092044 | delta=0.000s | Request: {'action': 1, 'symbol': 'EURCAD', 'volume': 0.03, 'type': 0, 'price': 1.56122, 'sl': 1.555, 'tp': 1.562, 'deviation': 30, 'magic': 123456, 'comment': 'TelegramAuto', 'type_time': 0, 'type_filling': 2}
2025-06-04 08:46:05,194 | INFO | MT5 | Réponse reçue | EURCAD | t_result=1749019565.194879 | delta=0.103s | Résultat: OrderSendResult(retcode=10009, deal=150650025744, order=150657483104, volume=0.03, price=1.56122, bid=1.5608, ask=1.56122, comment='Request executed', request_id=3917391993, retcode_external=0, request=TradeRequest(action=1, magic=123456, order=0, symbol='EURCAD', volume=0.03, price=1.56122, stoplimit=0.0, sl=1.555, tp=1.562, deviation=30, type=0, type_filling=2, type_time=0, expiration=0, comment='TelegramAuto', position=0, position_by=0))
2025-06-04 08:46:05,216 | INFO | MT5 | Récupération tick | EURCAD | t_tick=1749019565.2168865 | delta=0.000s
2025-06-04 08:46:05,216 | INFO | MT5 | Détermination prix entrée | EURCAD | t_price=1749019565.2168865 | delta=0.000s
2025-06-04 08:46:05,217 | INFO | MT5 | Envoi ordre | EURCAD | t_send=1749019565.2178986 | delta=0.001s | Request: {'action': 1, 'symbol': 'EURCAD', 'volume': 0.03, 'type': 0, 'price': 1.56122, 'sl': 1.555, 'tp': 1.562, 'deviation': 30, 'magic': 123456, 'comment': 'TelegramAuto', 'type_time': 0, 'type_filling': 2}
2025-06-04 08:46:05,323 | INFO | MT5 | Réponse reçue | EURCAD | t_result=1749019565.3235292 | delta=0.106s | Résultat: OrderSendResult(retcode=10009, deal=150650025745, order=150657483105, volume=0.03, price=1.56122, bid=1.5608, ask=1.56122, comment='Request executed', request_id=3917391994, retcode_external=0, request=TradeRequest(action=1, magic=123456, order=0, symbol='EURCAD', volume=0.03, price=1.56122, stoplimit=0.0, sl=1.555, tp=1.562, deviation=30, type=0, type_filling=2, type_time=0, expiration=0, comment='TelegramAuto', position=0, position_by=0))
2025-06-04 08:46:05,348 | INFO | MT5 | Récupération tick | EURCAD | t_tick=1749019565.3486965 | delta=0.000s
2025-06-04 08:46:05,350 | INFO | MT5 | Détermination prix entrée | EURCAD | t_price=1749019565.3502285 | delta=0.002s
2025-06-04 08:46:05,417 | INFO | MT5 | Envoi ordre | EURCAD | t_send=1749019565.4176216 | delta=0.067s | Request: {'action': 1, 'symbol': 'EURCAD', 'volume': 0.03, 'type': 0, 'price': 1.56122, 'sl': 1.555, 'tp': 1.562, 'deviation': 30, 'magic': 123456, 'comment': 'TelegramAuto', 'type_time': 0, 'type_filling': 2}
2025-06-04 08:46:05,730 | INFO | MT5 | Réponse reçue | EURCAD | t_result=1749019565.7306318 | delta=0.313s | Résultat: OrderSendResult(retcode=10009, deal=150650025747, order=150657483107, volume=0.03, price=1.56122, bid=1.5608, ask=1.56122, comment='Request executed', request_id=3917391995, retcode_external=0, request=TradeRequest(action=1, magic=123456, order=0, symbol='EURCAD', volume=0.03, price=1.56122, stoplimit=0.0, sl=1.555, tp=1.562, deviation=30, type=0, type_filling=2, type_time=0, expiration=0, comment='TelegramAuto', position=0, position_by=0))
2025-06-04 08:46:05,813 | INFO | Ordre envoyé à MT5 | 2025-06-04 06:46:05 | t2=1749019565.092044 | delta=0.000s | Résultat: [{'ticket': 150657483104, 'symbol': 'EURCAD', 'tp': 1.562, 'sl': 1.555}, {'ticket': 150657483105, 'symbol': 'EURCAD', 'tp': 1.562, 'sl': 1.555}, {'ticket': 150657483107, 'symbol': 'EURCAD', 'tp': 1.562, 'sl': 1.555}]
2025-06-04 08:46:05,818 | INFO | Réponse MT5 reçue | 2025-06-04 06:46:05 | t3=1749019565.8136969 | delta=0.722s | Total: 0.769s
2025-06-04 08:46:08,338 | INFO | Signal reçu | Telegram | 2025-06-04 06:46:08 | Début traitement | t0=1749019568.258305
2025-06-04 08:46:08,338 | INFO | Signal parsé | 2025-06-04 06:46:08 | t1=1749019568.3383162 | delta=0.080s
2025-06-04 08:46:08,338 | INFO | 
=== Signal de trading détecté ===
Date/heure : 2025-06-04 06:46:08
Groupe/canal : Forex B’darija VIP 3.0 👑
Expéditeur : Forex B’darija VIP 3.0 👑
Signal parsé : {'symbol': 'EURCAD', 'type': 'BUY', 'entries': [], 'tp': [1.562, 1.565, 1.57], 'sl': 1.555}
===============================

2025-06-04 08:46:08,353 | INFO | MT5 | Récupération tick | EURCAD | t_tick=1749019568.3539612 | delta=0.000s
2025-06-04 08:46:08,353 | INFO | MT5 | Détermination prix entrée | EURCAD | t_price=1749019568.3539612 | delta=0.000s
2025-06-04 08:46:08,353 | INFO | MT5 | Envoi ordre | EURCAD | t_send=1749019568.3539612 | delta=0.000s | Request: {'action': 1, 'symbol': 'EURCAD', 'volume': 0.03, 'type': 0, 'price': 1.5611899999999999, 'sl': 1.555, 'tp': 1.562, 'deviation': 30, 'magic': 123456, 'comment': 'TelegramAuto', 'type_time': 0, 'type_filling': 2}
2025-06-04 08:46:08,444 | INFO | MT5 | Réponse reçue | EURCAD | t_result=1749019568.4445877 | delta=0.091s | Résultat: OrderSendResult(retcode=10009, deal=150650025808, order=150657483167, volume=0.03, price=1.5611899999999999, bid=1.56079, ask=1.5611899999999999, comment='Request executed', request_id=3917391996, retcode_external=0, request=TradeRequest(action=1, magic=123456, order=0, symbol='EURCAD', volume=0.03, price=1.5611899999999999, stoplimit=0.0, sl=1.555, tp=1.562, deviation=30, type=0, type_filling=2, type_time=0, expiration=0, comment='TelegramAuto', position=0, position_by=0))
2025-06-04 08:46:08,483 | INFO | MT5 | Récupération tick | EURCAD | t_tick=1749019568.4831085 | delta=0.000s
2025-06-04 08:46:08,483 | INFO | MT5 | Détermination prix entrée | EURCAD | t_price=1749019568.4831085 | delta=0.000s
2025-06-04 08:46:08,484 | INFO | MT5 | Envoi ordre | EURCAD | t_send=1749019568.4841094 | delta=0.001s | Request: {'action': 1, 'symbol': 'EURCAD', 'volume': 0.03, 'type': 0, 'price': 1.5611899999999999, 'sl': 1.555, 'tp': 1.562, 'deviation': 30, 'magic': 123456, 'comment': 'TelegramAuto', 'type_time': 0, 'type_filling': 2}
2025-06-04 08:46:08,506 | INFO | MT5 | Réponse reçue | EURCAD | t_result=1749019568.5061097 | delta=0.022s | Résultat: OrderSendResult(retcode=10009, deal=150650025811, order=150657483170, volume=0.03, price=1.5611899999999999, bid=1.5608, ask=1.5611899999999999, comment='Request executed', request_id=3917391997, retcode_external=0, request=TradeRequest(action=1, magic=123456, order=0, symbol='EURCAD', volume=0.03, price=1.5611899999999999, stoplimit=0.0, sl=1.555, tp=1.562, deviation=30, type=0, type_filling=2, type_time=0, expiration=0, comment='TelegramAuto', position=0, position_by=0))
2025-06-04 08:46:08,595 | INFO | MT5 | Récupération tick | EURCAD | t_tick=1749019568.5951197 | delta=0.000s
2025-06-04 08:46:08,595 | INFO | MT5 | Détermination prix entrée | EURCAD | t_price=1749019568.5951197 | delta=0.000s
2025-06-04 08:46:08,595 | INFO | MT5 | Envoi ordre | EURCAD | t_send=1749019568.5951197 | delta=0.000s | Request: {'action': 1, 'symbol': 'EURCAD', 'volume': 0.03, 'type': 0, 'price': 1.5611899999999999, 'sl': 1.555, 'tp': 1.562, 'deviation': 30, 'magic': 123456, 'comment': 'TelegramAuto', 'type_time': 0, 'type_filling': 2}
2025-06-04 08:46:08,681 | INFO | MT5 | Réponse reçue | EURCAD | t_result=1749019568.6813095 | delta=0.086s | Résultat: OrderSendResult(retcode=10009, deal=150650025813, order=150657483172, volume=0.03, price=1.5611899999999999, bid=1.5608, ask=1.5611899999999999, comment='Request executed', request_id=3917391998, retcode_external=0, request=TradeRequest(action=1, magic=123456, order=0, symbol='EURCAD', volume=0.03, price=1.5611899999999999, stoplimit=0.0, sl=1.555, tp=1.562, deviation=30, type=0, type_filling=2, type_time=0, expiration=0, comment='TelegramAuto', position=0, position_by=0))
2025-06-04 08:46:08,689 | INFO | Ordre envoyé à MT5 | 2025-06-04 06:46:08 | t2=1749019568.3539612 | delta=0.016s | Résultat: [{'ticket': 150657483167, 'symbol': 'EURCAD', 'tp': 1.562, 'sl': 1.555}, {'ticket': 150657483170, 'symbol': 'EURCAD', 'tp': 1.562, 'sl': 1.555}, {'ticket': 150657483172, 'symbol': 'EURCAD', 'tp': 1.562, 'sl': 1.555}]
2025-06-04 08:46:08,690 | INFO | Réponse MT5 reçue | 2025-06-04 06:46:08 | t3=1749019568.6895597 | delta=0.336s | Total: 0.431s
2025-06-04 09:18:22,115 | INFO | Got difference for channel 1396512362 updates
2025-06-04 09:20:05,499 | INFO | Got difference for channel 1396512362 updates
2025-06-04 10:05:58,313 | INFO | Signal reçu | Telegram | 2025-06-04 08:05:58 | Début traitement | t0=1749024358.272227
2025-06-04 10:05:58,313 | INFO | Signal parsé | 2025-06-04 08:05:58 | t1=1749024358.3138855 | delta=0.042s
2025-06-04 10:05:58,313 | INFO | 
=== Signal de trading détecté ===
Date/heure : 2025-06-04 08:05:58
Groupe/canal : Forex B’darija VIP 3.0 👑
Expéditeur : Forex B’darija VIP 3.0 👑
Signal parsé : {'symbol': 'XAUUSD', 'type': 'SELL', 'entries': [], 'tp': [3353.0, 3350.0, 3340.0], 'sl': 3361.0}
===============================

2025-06-04 10:05:58,313 | INFO | MT5 | Récupération tick | XAUUSD | t_tick=1749024358.3138855 | delta=0.000s
2025-06-04 10:05:58,313 | INFO | MT5 | Détermination prix entrée | XAUUSD | t_price=1749024358.3138855 | delta=0.000s
2025-06-04 10:05:58,318 | INFO | MT5 | Envoi ordre | XAUUSD | t_send=1749024358.3189723 | delta=0.005s | Request: {'action': 1, 'symbol': 'XAUUSD', 'volume': 0.03, 'type': 1, 'price': 3353.46, 'sl': 3361.0, 'tp': 3353.0, 'deviation': 30, 'magic': 123456, 'comment': 'TelegramAuto', 'type_time': 0, 'type_filling': 2}
2025-06-04 10:05:58,374 | INFO | MT5 | Réponse reçue | XAUUSD | t_result=1749024358.374414 | delta=0.055s | Résultat: OrderSendResult(retcode=10009, deal=150650194080, order=150657652654, volume=0.03, price=3353.46, bid=3353.46, ask=3353.64, comment='Request executed', request_id=3917391999, retcode_external=0, request=TradeRequest(action=1, magic=123456, order=0, symbol='XAUUSD', volume=0.03, price=3353.46, stoplimit=0.0, sl=3361.0, tp=3353.0, deviation=30, type=1, type_filling=2, type_time=0, expiration=0, comment='TelegramAuto', position=0, position_by=0))
2025-06-04 10:05:58,383 | INFO | MT5 | Récupération tick | XAUUSD | t_tick=1749024358.383602 | delta=0.000s
2025-06-04 10:05:58,410 | INFO | MT5 | Détermination prix entrée | XAUUSD | t_price=1749024358.4105995 | delta=0.027s
2025-06-04 10:05:58,429 | INFO | MT5 | Envoi ordre | XAUUSD | t_send=1749024358.4296267 | delta=0.019s | Request: {'action': 1, 'symbol': 'XAUUSD', 'volume': 0.03, 'type': 1, 'price': 3353.46, 'sl': 3361.0, 'tp': 3353.0, 'deviation': 30, 'magic': 123456, 'comment': 'TelegramAuto', 'type_time': 0, 'type_filling': 2}
2025-06-04 10:05:58,513 | INFO | MT5 | Réponse reçue | XAUUSD | t_result=1749024358.5138662 | delta=0.084s | Résultat: OrderSendResult(retcode=10009, deal=150650194086, order=150657652660, volume=0.03, price=3353.46, bid=3353.46, ask=3353.64, comment='Request executed', request_id=3917392000, retcode_external=0, request=TradeRequest(action=1, magic=123456, order=0, symbol='XAUUSD', volume=0.03, price=3353.46, stoplimit=0.0, sl=3361.0, tp=3353.0, deviation=30, type=1, type_filling=2, type_time=0, expiration=0, comment='TelegramAuto', position=0, position_by=0))
2025-06-04 10:05:58,524 | INFO | MT5 | Récupération tick | XAUUSD | t_tick=1749024358.5249481 | delta=0.000s
2025-06-04 10:05:58,525 | INFO | MT5 | Détermination prix entrée | XAUUSD | t_price=1749024358.5259495 | delta=0.001s
2025-06-04 10:05:58,541 | INFO | MT5 | Envoi ordre | XAUUSD | t_send=1749024358.5418816 | delta=0.016s | Request: {'action': 1, 'symbol': 'XAUUSD', 'volume': 0.03, 'type': 1, 'price': 3353.36, 'sl': 3361.0, 'tp': 3353.0, 'deviation': 30, 'magic': 123456, 'comment': 'TelegramAuto', 'type_time': 0, 'type_filling': 2}
2025-06-04 10:05:58,561 | INFO | MT5 | Réponse reçue | XAUUSD | t_result=1749024358.5618804 | delta=0.020s | Résultat: OrderSendResult(retcode=10009, deal=150650194097, order=150657652671, volume=0.03, price=3353.36, bid=3353.36, ask=3353.53, comment='Request executed', request_id=3917392001, retcode_external=0, request=TradeRequest(action=1, magic=123456, order=0, symbol='XAUUSD', volume=0.03, price=3353.36, stoplimit=0.0, sl=3361.0, tp=3353.0, deviation=30, type=1, type_filling=2, type_time=0, expiration=0, comment='TelegramAuto', position=0, position_by=0))
2025-06-04 10:05:58,569 | INFO | Ordre envoyé à MT5 | 2025-06-04 08:05:58 | t2=1749024358.3138855 | delta=0.000s | Résultat: [{'ticket': 150657652654, 'symbol': 'XAUUSD', 'tp': 3353.0, 'sl': 3361.0}, {'ticket': 150657652660, 'symbol': 'XAUUSD', 'tp': 3353.0, 'sl': 3361.0}, {'ticket': 150657652671, 'symbol': 'XAUUSD', 'tp': 3353.0, 'sl': 3361.0}]
2025-06-04 10:05:58,649 | INFO | Réponse MT5 reçue | 2025-06-04 08:05:58 | t3=1749024358.5695913 | delta=0.256s | Total: 0.297s
2025-06-04 10:52:54,297 | INFO | Signal reçu | Telegram | 2025-06-04 08:52:54 | Début traitement | t0=1749027174.1704469
2025-06-04 10:52:54,312 | INFO | Message reçu mais non reconnu comme signal exploitable (symbole, type, TP, SL nécessaires).
2025-06-04 10:52:54,312 | INFO | Signal parsé | 2025-06-04 08:52:54 | t1=1749027174.3128414 | delta=0.142s
2025-06-04 10:52:54,312 | INFO | [2025-06-04 08:52:54] Message non reconnu comme signal : TP1 hit ✅ +20 pips
2025-06-04 11:10:11,614 | INFO | Signal reçu | Telegram | 2025-06-04 09:10:11 | Début traitement | t0=1749028211.3637393
2025-06-04 11:10:11,614 | INFO | Signal parsé | 2025-06-04 09:10:11 | t1=1749028211.614008 | delta=0.250s
2025-06-04 11:10:11,614 | INFO | 
=== Signal de trading détecté ===
Date/heure : 2025-06-04 09:10:11
Groupe/canal : Forex B’darija VIP 3.0 👑
Expéditeur : Forex B’darija VIP 3.0 👑
Signal parsé : {'symbol': 'XAUUSD', 'type': 'BUY', 'entries': [], 'tp': [3365.0, 3368.0, 3380.0], 'sl': 3357.0}
===============================

2025-06-04 11:10:11,614 | INFO | MT5 | Récupération tick | XAUUSD | t_tick=1749028211.614008 | delta=0.000s
2025-06-04 11:10:11,614 | INFO | MT5 | Détermination prix entrée | XAUUSD | t_price=1749028211.614008 | delta=0.000s
2025-06-04 11:10:11,627 | INFO | MT5 | Envoi ordre | XAUUSD | t_send=1749028211.6275704 | delta=0.014s | Request: {'action': 1, 'symbol': 'XAUUSD', 'volume': 0.03, 'type': 0, 'price': 3363.65, 'sl': 3357.0, 'tp': 3365.0, 'deviation': 30, 'magic': 123456, 'comment': 'TelegramAuto', 'type_time': 0, 'type_filling': 2}
2025-06-04 11:10:11,653 | INFO | MT5 | Réponse reçue | XAUUSD | t_result=1749028211.6538603 | delta=0.026s | Résultat: OrderSendResult(retcode=10009, deal=150650314483, order=150657780456, volume=0.03, price=3363.65, bid=3363.47, ask=3363.65, comment='Request executed', request_id=3917392002, retcode_external=0, request=TradeRequest(action=1, magic=123456, order=0, symbol='XAUUSD', volume=0.03, price=3363.65, stoplimit=0.0, sl=3357.0, tp=3365.0, deviation=30, type=0, type_filling=2, type_time=0, expiration=0, comment='TelegramAuto', position=0, position_by=0))
2025-06-04 11:10:11,703 | INFO | MT5 | Récupération tick | XAUUSD | t_tick=1749028211.7036586 | delta=0.000s
2025-06-04 11:10:11,704 | INFO | MT5 | Détermination prix entrée | XAUUSD | t_price=1749028211.7046576 | delta=0.001s
2025-06-04 11:10:11,705 | INFO | MT5 | Envoi ordre | XAUUSD | t_send=1749028211.7056568 | delta=0.001s | Request: {'action': 1, 'symbol': 'XAUUSD', 'volume': 0.03, 'type': 0, 'price': 3363.65, 'sl': 3357.0, 'tp': 3365.0, 'deviation': 30, 'magic': 123456, 'comment': 'TelegramAuto', 'type_time': 0, 'type_filling': 2}
2025-06-04 11:10:11,731 | INFO | MT5 | Réponse reçue | XAUUSD | t_result=1749028211.7318392 | delta=0.026s | Résultat: OrderSendResult(retcode=10009, deal=150650314485, order=150657780458, volume=0.03, price=3363.65, bid=3363.47, ask=3363.65, comment='Request executed', request_id=3917392003, retcode_external=0, request=TradeRequest(action=1, magic=123456, order=0, symbol='XAUUSD', volume=0.03, price=3363.65, stoplimit=0.0, sl=3357.0, tp=3365.0, deviation=30, type=0, type_filling=2, type_time=0, expiration=0, comment='TelegramAuto', position=0, position_by=0))
2025-06-04 11:10:11,791 | INFO | MT5 | Récupération tick | XAUUSD | t_tick=1749028211.791457 | delta=0.000s
2025-06-04 11:10:11,793 | INFO | MT5 | Détermination prix entrée | XAUUSD | t_price=1749028211.7932563 | delta=0.002s
2025-06-04 11:10:11,794 | INFO | MT5 | Envoi ordre | XAUUSD | t_send=1749028211.7942564 | delta=0.001s | Request: {'action': 1, 'symbol': 'XAUUSD', 'volume': 0.03, 'type': 0, 'price': 3363.65, 'sl': 3357.0, 'tp': 3365.0, 'deviation': 30, 'magic': 123456, 'comment': 'TelegramAuto', 'type_time': 0, 'type_filling': 2}
2025-06-04 11:10:11,818 | INFO | MT5 | Réponse reçue | XAUUSD | t_result=1749028211.818268 | delta=0.024s | Résultat: OrderSendResult(retcode=10009, deal=150650314487, order=150657780460, volume=0.03, price=3363.65, bid=3363.47, ask=3363.65, comment='Request executed', request_id=3917392004, retcode_external=0, request=TradeRequest(action=1, magic=123456, order=0, symbol='XAUUSD', volume=0.03, price=3363.65, stoplimit=0.0, sl=3357.0, tp=3365.0, deviation=30, type=0, type_filling=2, type_time=0, expiration=0, comment='TelegramAuto', position=0, position_by=0))
2025-06-04 11:10:11,901 | INFO | Ordre envoyé à MT5 | 2025-06-04 09:10:11 | t2=1749028211.614008 | delta=0.000s | Résultat: [{'ticket': 150657780456, 'symbol': 'XAUUSD', 'tp': 3365.0, 'sl': 3357.0}, {'ticket': 150657780458, 'symbol': 'XAUUSD', 'tp': 3365.0, 'sl': 3357.0}, {'ticket': 150657780460, 'symbol': 'XAUUSD', 'tp': 3365.0, 'sl': 3357.0}]
2025-06-04 11:10:11,902 | INFO | Réponse MT5 reçue | 2025-06-04 09:10:11 | t3=1749028211.9014077 | delta=0.287s | Total: 0.538s
2025-06-04 11:14:22,276 | INFO | Signal reçu | Telegram | 2025-06-04 09:14:22 | Début traitement | t0=1749028462.2291894
2025-06-04 11:14:22,276 | INFO | Signal parsé | 2025-06-04 09:14:22 | t1=1749028462.2769492 | delta=0.048s
2025-06-04 11:14:22,276 | INFO | 
=== Signal de trading détecté ===
Date/heure : 2025-06-04 09:14:22
Groupe/canal : Forex B’darija VIP 3.0 👑
Expéditeur : Forex B’darija VIP 3.0 👑
Signal parsé : {'symbol': 'XAUUSD', 'type': 'BUY', 'entries': [], 'tp': [3362.0, 3365.0, 3377.0], 'sl': 3355.0}
===============================

2025-06-04 11:14:22,276 | INFO | MT5 | Récupération tick | XAUUSD | t_tick=1749028462.2769492 | delta=0.000s
2025-06-04 11:14:22,276 | INFO | MT5 | Détermination prix entrée | XAUUSD | t_price=1749028462.2769492 | delta=0.000s
2025-06-04 11:14:22,276 | INFO | MT5 | Envoi ordre | XAUUSD | t_send=1749028462.2769492 | delta=0.000s | Request: {'action': 1, 'symbol': 'XAUUSD', 'volume': 0.03, 'type': 0, 'price': 3361.28, 'sl': 3355.0, 'tp': 3362.0, 'deviation': 30, 'magic': 123456, 'comment': 'TelegramAuto', 'type_time': 0, 'type_filling': 2}
2025-06-04 11:14:22,352 | INFO | MT5 | Réponse reçue | XAUUSD | t_result=1749028462.3492131 | delta=0.072s | Résultat: OrderSendResult(retcode=10009, deal=150650323849, order=150657789804, volume=0.03, price=3361.28, bid=3361.1, ask=3361.28, comment='Request executed', request_id=3917392005, retcode_external=0, request=TradeRequest(action=1, magic=123456, order=0, symbol='XAUUSD', volume=0.03, price=3361.28, stoplimit=0.0, sl=3355.0, tp=3362.0, deviation=30, type=0, type_filling=2, type_time=0, expiration=0, comment='TelegramAuto', position=0, position_by=0))
2025-06-04 11:14:22,360 | INFO | MT5 | Récupération tick | XAUUSD | t_tick=1749028462.3605554 | delta=0.000s
2025-06-04 11:14:22,361 | INFO | MT5 | Détermination prix entrée | XAUUSD | t_price=1749028462.3615563 | delta=0.001s
2025-06-04 11:14:22,361 | INFO | MT5 | Envoi ordre | XAUUSD | t_send=1749028462.3615563 | delta=0.000s | Request: {'action': 1, 'symbol': 'XAUUSD', 'volume': 0.03, 'type': 0, 'price': 3361.28, 'sl': 3355.0, 'tp': 3362.0, 'deviation': 30, 'magic': 123456, 'comment': 'TelegramAuto', 'type_time': 0, 'type_filling': 2}
2025-06-04 11:14:22,436 | INFO | MT5 | Réponse reçue | XAUUSD | t_result=1749028462.4366744 | delta=0.075s | Résultat: OrderSendResult(retcode=10009, deal=150650323853, order=150657789808, volume=0.03, price=3361.36, bid=3361.17, ask=3361.36, comment='Request executed', request_id=3917392006, retcode_external=0, request=TradeRequest(action=1, magic=123456, order=0, symbol='XAUUSD', volume=0.03, price=3361.28, stoplimit=0.0, sl=3355.0, tp=3362.0, deviation=30, type=0, type_filling=2, type_time=0, expiration=0, comment='TelegramAuto', position=0, position_by=0))
2025-06-04 11:14:22,455 | INFO | MT5 | Récupération tick | XAUUSD | t_tick=1749028462.4547982 | delta=0.000s
2025-06-04 11:14:22,455 | INFO | MT5 | Détermination prix entrée | XAUUSD | t_price=1749028462.455796 | delta=0.001s
2025-06-04 11:14:22,456 | INFO | MT5 | Envoi ordre | XAUUSD | t_send=1749028462.4567971 | delta=0.001s | Request: {'action': 1, 'symbol': 'XAUUSD', 'volume': 0.03, 'type': 0, 'price': 3361.36, 'sl': 3355.0, 'tp': 3362.0, 'deviation': 30, 'magic': 123456, 'comment': 'TelegramAuto', 'type_time': 0, 'type_filling': 2}
2025-06-04 11:14:22,522 | INFO | MT5 | Réponse reçue | XAUUSD | t_result=1749028462.522507 | delta=0.066s | Résultat: OrderSendResult(retcode=10009, deal=150650323854, order=150657789809, volume=0.03, price=3361.36, bid=3361.17, ask=3361.36, comment='Request executed', request_id=3917392007, retcode_external=0, request=TradeRequest(action=1, magic=123456, order=0, symbol='XAUUSD', volume=0.03, price=3361.36, stoplimit=0.0, sl=3355.0, tp=3362.0, deviation=30, type=0, type_filling=2, type_time=0, expiration=0, comment='TelegramAuto', position=0, position_by=0))
2025-06-04 11:14:22,552 | INFO | Ordre envoyé à MT5 | 2025-06-04 09:14:22 | t2=1749028462.2769492 | delta=0.000s | Résultat: [{'ticket': 150657789804, 'symbol': 'XAUUSD', 'tp': 3362.0, 'sl': 3355.0}, {'ticket': 150657789808, 'symbol': 'XAUUSD', 'tp': 3362.0, 'sl': 3355.0}, {'ticket': 150657789809, 'symbol': 'XAUUSD', 'tp': 3362.0, 'sl': 3355.0}]
2025-06-04 11:14:22,645 | INFO | Réponse MT5 reçue | 2025-06-04 09:14:22 | t3=1749028462.5527034 | delta=0.276s | Total: 0.324s
2025-06-04 11:24:26,511 | INFO | Signal reçu | Telegram | 2025-06-04 09:24:26 | Début traitement | t0=1749029066.4641564
2025-06-04 11:24:26,511 | INFO | Message reçu mais non reconnu comme signal exploitable (symbole, type, TP, SL nécessaires).
2025-06-04 11:24:26,511 | INFO | Signal parsé | 2025-06-04 09:24:26 | t1=1749029066.5114028 | delta=0.047s
2025-06-04 11:24:26,511 | INFO | [2025-06-04 09:24:26] Message non reconnu comme signal : TP1 hit ✅ +20 pips
2025-06-04 11:24:59,265 | INFO | Signal reçu | Telegram | 2025-06-04 09:24:59 | Début traitement | t0=1749029099.2020257
2025-06-04 11:24:59,265 | INFO | Message reçu mais non reconnu comme signal exploitable (symbole, type, TP, SL nécessaires).
2025-06-04 11:24:59,265 | INFO | Signal parsé | 2025-06-04 09:24:59 | t1=1749029099.2659478 | delta=0.064s
2025-06-04 11:24:59,265 | INFO | [2025-06-04 09:24:59] Message non reconnu comme signal : Vous pouvez clôturer en point d’entrée ✅
2025-06-04 11:30:27,250 | INFO | Signal reçu | Telegram | 2025-06-04 09:30:27 | Début traitement | t0=1749029427.140175
2025-06-04 11:30:27,250 | INFO | Message reçu mais non reconnu comme signal exploitable (symbole, type, TP, SL nécessaires).
2025-06-04 11:30:27,250 | INFO | Signal parsé | 2025-06-04 09:30:27 | t1=1749029427.250817 | delta=0.111s
2025-06-04 11:30:27,250 | INFO | [2025-06-04 09:30:27] Message non reconnu comme signal : TP2 hit ✅ +50 pips
2025-06-04 12:57:21,826 | INFO | Got difference for channel 1396512362 updates
2025-06-04 14:32:47,934 | INFO | Signal reçu | Telegram | 2025-06-04 12:32:48 | Début traitement | t0=1749040367.7907531
2025-06-04 14:32:47,934 | INFO | Signal parsé | 2025-06-04 12:32:48 | t1=1749040367.9342139 | delta=0.143s
2025-06-04 14:32:47,934 | INFO | 
=== Signal de trading détecté ===
Date/heure : 2025-06-04 12:32:48
Groupe/canal : Forex B’darija VIP 3.0 👑
Expéditeur : Forex B’darija VIP 3.0 👑
Signal parsé : {'symbol': 'XAUUSD', 'type': 'BUY', 'entries': [], 'tp': [3352.0, 3355.0], 'sl': 3345.0}
===============================

2025-06-04 14:32:47,943 | INFO | MT5 | Récupération tick | XAUUSD | t_tick=1749040367.9432259 | delta=0.000s
2025-06-04 14:32:47,950 | INFO | MT5 | Détermination prix entrée | XAUUSD | t_price=1749040367.9502385 | delta=0.007s
2025-06-04 14:32:47,950 | INFO | MT5 | Envoi ordre | XAUUSD | t_send=1749040367.9502385 | delta=0.000s | Request: {'action': 1, 'symbol': 'XAUUSD', 'volume': 0.03, 'type': 0, 'price': 3354.4, 'sl': 3345.0, 'tp': 3352.0, 'deviation': 30, 'magic': 123456, 'comment': 'TelegramAuto', 'type_time': 0, 'type_filling': 2}
2025-06-04 14:32:47,953 | INFO | MT5 | Réponse reçue | XAUUSD | t_result=1749040367.9502385 | delta=0.000s | Résultat: OrderSendResult(retcode=10016, deal=0, order=0, volume=0.0, price=0.0, bid=0.0, ask=0.0, comment='Invalid stops', request_id=0, retcode_external=0, request=TradeRequest(action=1, magic=123456, order=0, symbol='XAUUSD', volume=0.03, price=3354.4, stoplimit=0.0, sl=3345.0, tp=3352.0, deviation=30, type=0, type_filling=2, type_time=0, expiration=0, comment='TelegramAuto', position=0, position_by=0))
2025-06-04 14:32:47,957 | INFO | MT5 | Récupération tick | XAUUSD | t_tick=1749040367.9577281 | delta=0.000s
2025-06-04 14:32:47,957 | INFO | MT5 | Détermination prix entrée | XAUUSD | t_price=1749040367.9577281 | delta=0.000s
2025-06-04 14:32:47,958 | INFO | MT5 | Envoi ordre | XAUUSD | t_send=1749040367.9587274 | delta=0.001s | Request: {'action': 1, 'symbol': 'XAUUSD', 'volume': 0.03, 'type': 0, 'price': 3354.4, 'sl': 3345.0, 'tp': 3352.0, 'deviation': 30, 'magic': 123456, 'comment': 'TelegramAuto', 'type_time': 0, 'type_filling': 2}
2025-06-04 14:32:47,959 | INFO | MT5 | Réponse reçue | XAUUSD | t_result=1749040367.959726 | delta=0.001s | Résultat: OrderSendResult(retcode=10016, deal=0, order=0, volume=0.0, price=0.0, bid=0.0, ask=0.0, comment='Invalid stops', request_id=0, retcode_external=0, request=TradeRequest(action=1, magic=123456, order=0, symbol='XAUUSD', volume=0.03, price=3354.4, stoplimit=0.0, sl=3345.0, tp=3352.0, deviation=30, type=0, type_filling=2, type_time=0, expiration=0, comment='TelegramAuto', position=0, position_by=0))
2025-06-04 14:32:47,961 | INFO | Ordre envoyé à MT5 | 2025-06-04 12:32:48 | t2=1749040367.9432259 | delta=0.009s | Résultat: [{'error': 'Order failed: Invalid stops'}, {'error': 'Order failed: Invalid stops'}]
2025-06-04 14:32:47,962 | INFO | Réponse MT5 reçue | 2025-06-04 12:32:48 | t3=1749040367.961728 | delta=0.019s | Total: 0.171s
2025-06-04 14:33:46,063 | INFO | Signal reçu | Telegram | 2025-06-04 12:33:46 | Début traitement | t0=1749040426.014693
2025-06-04 14:33:46,063 | INFO | Signal parsé | 2025-06-04 12:33:46 | t1=1749040426.0639906 | delta=0.049s
2025-06-04 14:33:46,063 | INFO | 
=== Signal de trading détecté ===
Date/heure : 2025-06-04 12:33:46
Groupe/canal : Forex B’darija VIP 3.0 👑
Expéditeur : Forex B’darija VIP 3.0 👑
Signal parsé : {'symbol': 'XAUUSD', 'type': 'BUY', 'entries': [], 'tp': [3355.0, 3358.0, 3363.0], 'sl': 3345.0}
===============================

2025-06-04 14:33:46,063 | INFO | MT5 | Récupération tick | XAUUSD | t_tick=1749040426.0639906 | delta=0.000s
2025-06-04 14:33:46,077 | INFO | MT5 | Détermination prix entrée | XAUUSD | t_price=1749040426.0774996 | delta=0.014s
2025-06-04 14:33:46,077 | INFO | MT5 | Envoi ordre | XAUUSD | t_send=1749040426.077849 | delta=0.000s | Request: {'action': 1, 'symbol': 'XAUUSD', 'volume': 0.03, 'type': 0, 'price': 3354.13, 'sl': 3345.0, 'tp': 3355.0, 'deviation': 30, 'magic': 123456, 'comment': 'TelegramAuto', 'type_time': 0, 'type_filling': 2}
2025-06-04 14:33:46,128 | INFO | MT5 | Réponse reçue | XAUUSD | t_result=1749040426.1281664 | delta=0.050s | Résultat: OrderSendResult(retcode=10009, deal=150650779793, order=150658252559, volume=0.03, price=3354.13, bid=3353.95, ask=3354.13, comment='Request executed', request_id=3917392008, retcode_external=0, request=TradeRequest(action=1, magic=123456, order=0, symbol='XAUUSD', volume=0.03, price=3354.13, stoplimit=0.0, sl=3345.0, tp=3355.0, deviation=30, type=0, type_filling=2, type_time=0, expiration=0, comment='TelegramAuto', position=0, position_by=0))
2025-06-04 14:33:46,171 | INFO | MT5 | Récupération tick | XAUUSD | t_tick=1749040426.171642 | delta=0.000s
2025-06-04 14:33:46,172 | INFO | MT5 | Détermination prix entrée | XAUUSD | t_price=1749040426.172152 | delta=0.001s
2025-06-04 14:33:46,172 | INFO | MT5 | Envoi ordre | XAUUSD | t_send=1749040426.172152 | delta=0.000s | Request: {'action': 1, 'symbol': 'XAUUSD', 'volume': 0.03, 'type': 0, 'price': 3354.13, 'sl': 3345.0, 'tp': 3355.0, 'deviation': 30, 'magic': 123456, 'comment': 'TelegramAuto', 'type_time': 0, 'type_filling': 2}
2025-06-04 14:33:46,193 | INFO | MT5 | Réponse reçue | XAUUSD | t_result=1749040426.1931667 | delta=0.021s | Résultat: OrderSendResult(retcode=10009, deal=150650779800, order=150658252568, volume=0.03, price=3354.13, bid=3353.95, ask=3354.13, comment='Request executed', request_id=3917392009, retcode_external=0, request=TradeRequest(action=1, magic=123456, order=0, symbol='XAUUSD', volume=0.03, price=3354.13, stoplimit=0.0, sl=3345.0, tp=3355.0, deviation=30, type=0, type_filling=2, type_time=0, expiration=0, comment='TelegramAuto', position=0, position_by=0))
2025-06-04 14:33:46,265 | INFO | MT5 | Récupération tick | XAUUSD | t_tick=1749040426.2654562 | delta=0.000s
2025-06-04 14:33:46,265 | INFO | MT5 | Détermination prix entrée | XAUUSD | t_price=1749040426.2654562 | delta=0.000s
2025-06-04 14:33:46,265 | INFO | MT5 | Envoi ordre | XAUUSD | t_send=1749040426.2654562 | delta=0.000s | Request: {'action': 1, 'symbol': 'XAUUSD', 'volume': 0.03, 'type': 0, 'price': 3354.13, 'sl': 3345.0, 'tp': 3355.0, 'deviation': 30, 'magic': 123456, 'comment': 'TelegramAuto', 'type_time': 0, 'type_filling': 2}
2025-06-04 14:33:46,286 | INFO | MT5 | Réponse reçue | XAUUSD | t_result=1749040426.2863545 | delta=0.021s | Résultat: OrderSendResult(retcode=10004, deal=0, order=0, volume=0.0, price=0.0, bid=3353.44, ask=3353.63, comment='Requote', request_id=3917392010, retcode_external=0, request=TradeRequest(action=1, magic=123456, order=0, symbol='XAUUSD', volume=0.03, price=3354.13, stoplimit=0.0, sl=3345.0, tp=3355.0, deviation=30, type=0, type_filling=2, type_time=0, expiration=0, comment='TelegramAuto', position=0, position_by=0))
2025-06-04 14:33:46,325 | INFO | Ordre envoyé à MT5 | 2025-06-04 12:33:46 | t2=1749040426.0639906 | delta=0.000s | Résultat: [{'ticket': 150658252559, 'symbol': 'XAUUSD', 'tp': 3355.0, 'sl': 3345.0}, {'ticket': 150658252568, 'symbol': 'XAUUSD', 'tp': 3355.0, 'sl': 3345.0}, {'error': 'Order failed: Requote'}]
2025-06-04 14:33:46,325 | INFO | Réponse MT5 reçue | 2025-06-04 12:33:46 | t3=1749040426.3250182 | delta=0.261s | Total: 0.310s
2025-06-04 14:36:57,154 | INFO | Signal reçu | Telegram | 2025-06-04 12:36:26 | Début traitement | t0=1749040617.0638278
2025-06-04 14:36:57,154 | INFO | Message reçu mais non reconnu comme signal exploitable (symbole, type, TP, SL nécessaires).
2025-06-04 14:36:57,154 | INFO | Signal parsé | 2025-06-04 12:36:26 | t1=1749040617.1543314 | delta=0.091s
2025-06-04 14:36:57,154 | INFO | [2025-06-04 12:36:26] Message non reconnu comme signal : Je vous rappelle que pour nous rejoindre c’est 100% GRATUIT, vous devez juste avoir votre capital ✅ 
2025-06-04 14:42:33,544 | INFO | Signal reçu | Telegram | 2025-06-04 12:42:32 | Début traitement | t0=1749040953.5140946
2025-06-04 14:42:33,544 | INFO | Message reçu mais non reconnu comme signal exploitable (symbole, type, TP, SL nécessaires).
2025-06-04 14:42:33,544 | INFO | Signal parsé | 2025-06-04 12:42:32 | t1=1749040953.5446894 | delta=0.031s
2025-06-04 14:42:33,544 | INFO | [2025-06-04 12:42:32] Message non reconnu comme signal : TP1 hit ✅ +20 pips
2025-06-04 14:42:45,021 | INFO | Signal reçu | Telegram | 2025-06-04 12:42:44 | Début traitement | t0=1749040964.9735956
2025-06-04 14:42:45,021 | INFO | Message reçu mais non reconnu comme signal exploitable (symbole, type, TP, SL nécessaires).
2025-06-04 14:42:45,021 | INFO | Signal parsé | 2025-06-04 12:42:44 | t1=1749040965.0213425 | delta=0.048s
2025-06-04 14:42:45,021 | INFO | [2025-06-04 12:42:44] Message non reconnu comme signal : TP1 hit ✅ +20 pips
2025-06-04 14:45:54,922 | INFO | Signal reçu | Telegram | 2025-06-04 12:45:55 | Début traitement | t0=1749041154.8897872
2025-06-04 14:45:54,922 | INFO | Message reçu mais non reconnu comme signal exploitable (symbole, type, TP, SL nécessaires).
2025-06-04 14:45:54,922 | INFO | Signal parsé | 2025-06-04 12:45:55 | t1=1749041154.9220088 | delta=0.032s
2025-06-04 14:45:54,922 | INFO | [2025-06-04 12:45:55] Message non reconnu comme signal : +40 pips en cours 🔥
2025-06-04 14:46:01,771 | INFO | Signal reçu | Telegram | 2025-06-04 12:46:02 | Début traitement | t0=1749041161.7390423
2025-06-04 14:46:01,771 | INFO | Message reçu mais non reconnu comme signal exploitable (symbole, type, TP, SL nécessaires).
2025-06-04 14:46:01,771 | INFO | Signal parsé | 2025-06-04 12:46:02 | t1=1749041161.7712574 | delta=0.032s
2025-06-04 14:46:01,771 | INFO | [2025-06-04 12:46:02] Message non reconnu comme signal : +40 pips 🔥
2025-06-04 14:46:55,129 | INFO | Signal reçu | Telegram | 2025-06-04 12:46:55 | Début traitement | t0=1749041215.0978088
2025-06-04 14:46:55,129 | INFO | Message reçu mais non reconnu comme signal exploitable (symbole, type, TP, SL nécessaires).
2025-06-04 14:46:55,129 | INFO | Signal parsé | 2025-06-04 12:46:55 | t1=1749041215.129999 | delta=0.032s
2025-06-04 14:46:55,129 | INFO | [2025-06-04 12:46:55] Message non reconnu comme signal : +80 pips en cours 🔥
2025-06-04 14:47:28,484 | INFO | Signal reçu | Telegram | 2025-06-04 12:47:04 | Début traitement | t0=1749041248.4522097
2025-06-04 14:47:28,484 | INFO | Signal parsé | 2025-06-04 12:47:04 | t1=1749041248.4842703 | delta=0.032s
2025-06-04 14:47:28,484 | INFO | 
=== Signal de trading détecté ===
Date/heure : 2025-06-04 12:47:04
Groupe/canal : Forex b’darija 📊
Expéditeur : Forex b’darija 📊
Signal parsé : {'symbol': 'XAUUSD', 'type': 'BUY', 'entries': [], 'tp': [3352.0, 3355.0, 3367.0], 'sl': 3345.0}
===============================

2025-06-04 14:47:28,484 | INFO | MT5 | Récupération tick | XAUUSD | t_tick=1749041248.4842703 | delta=0.000s
2025-06-04 14:47:28,484 | INFO | MT5 | Détermination prix entrée | XAUUSD | t_price=1749041248.4842703 | delta=0.000s
2025-06-04 14:47:28,484 | INFO | MT5 | Envoi ordre | XAUUSD | t_send=1749041248.4842703 | delta=0.000s | Request: {'action': 1, 'symbol': 'XAUUSD', 'volume': 0.03, 'type': 0, 'price': 3357.82, 'sl': 3345.0, 'tp': 3352.0, 'deviation': 30, 'magic': 123456, 'comment': 'TelegramAuto', 'type_time': 0, 'type_filling': 2}
2025-06-04 14:47:28,484 | INFO | MT5 | Réponse reçue | XAUUSD | t_result=1749041248.4842703 | delta=0.000s | Résultat: OrderSendResult(retcode=10016, deal=0, order=0, volume=0.0, price=0.0, bid=0.0, ask=0.0, comment='Invalid stops', request_id=0, retcode_external=0, request=TradeRequest(action=1, magic=123456, order=0, symbol='XAUUSD', volume=0.03, price=3357.82, stoplimit=0.0, sl=3345.0, tp=3352.0, deviation=30, type=0, type_filling=2, type_time=0, expiration=0, comment='TelegramAuto', position=0, position_by=0))
2025-06-04 14:47:28,499 | INFO | MT5 | Récupération tick | XAUUSD | t_tick=1749041248.4999087 | delta=0.000s
2025-06-04 14:47:28,499 | INFO | MT5 | Détermination prix entrée | XAUUSD | t_price=1749041248.4999087 | delta=0.000s
2025-06-04 14:47:28,499 | INFO | MT5 | Envoi ordre | XAUUSD | t_send=1749041248.4999087 | delta=0.000s | Request: {'action': 1, 'symbol': 'XAUUSD', 'volume': 0.03, 'type': 0, 'price': 3357.82, 'sl': 3345.0, 'tp': 3352.0, 'deviation': 30, 'magic': 123456, 'comment': 'TelegramAuto', 'type_time': 0, 'type_filling': 2}
2025-06-04 14:47:28,499 | INFO | MT5 | Réponse reçue | XAUUSD | t_result=1749041248.4999087 | delta=0.000s | Résultat: OrderSendResult(retcode=10016, deal=0, order=0, volume=0.0, price=0.0, bid=0.0, ask=0.0, comment='Invalid stops', request_id=0, retcode_external=0, request=TradeRequest(action=1, magic=123456, order=0, symbol='XAUUSD', volume=0.03, price=3357.82, stoplimit=0.0, sl=3345.0, tp=3352.0, deviation=30, type=0, type_filling=2, type_time=0, expiration=0, comment='TelegramAuto', position=0, position_by=0))
2025-06-04 14:47:28,499 | INFO | MT5 | Récupération tick | XAUUSD | t_tick=1749041248.4999087 | delta=0.000s
2025-06-04 14:47:28,499 | INFO | MT5 | Détermination prix entrée | XAUUSD | t_price=1749041248.4999087 | delta=0.000s
2025-06-04 14:47:28,499 | INFO | MT5 | Envoi ordre | XAUUSD | t_send=1749041248.4999087 | delta=0.000s | Request: {'action': 1, 'symbol': 'XAUUSD', 'volume': 0.03, 'type': 0, 'price': 3357.99, 'sl': 3345.0, 'tp': 3352.0, 'deviation': 30, 'magic': 123456, 'comment': 'TelegramAuto', 'type_time': 0, 'type_filling': 2}
2025-06-04 14:47:28,499 | INFO | MT5 | Réponse reçue | XAUUSD | t_result=1749041248.4999087 | delta=0.000s | Résultat: OrderSendResult(retcode=10016, deal=0, order=0, volume=0.0, price=0.0, bid=0.0, ask=0.0, comment='Invalid stops', request_id=0, retcode_external=0, request=TradeRequest(action=1, magic=123456, order=0, symbol='XAUUSD', volume=0.03, price=3357.99, stoplimit=0.0, sl=3345.0, tp=3352.0, deviation=30, type=0, type_filling=2, type_time=0, expiration=0, comment='TelegramAuto', position=0, position_by=0))
2025-06-04 14:47:28,499 | INFO | Ordre envoyé à MT5 | 2025-06-04 12:47:04 | t2=1749041248.4842703 | delta=0.000s | Résultat: [{'error': 'Order failed: Invalid stops'}, {'error': 'Order failed: Invalid stops'}, {'error': 'Order failed: Invalid stops'}]
2025-06-04 14:47:28,499 | INFO | Réponse MT5 reçue | 2025-06-04 12:47:04 | t3=1749041248.4999087 | delta=0.016s | Total: 0.048s
2025-06-04 14:47:28,499 | INFO | Signal reçu | Telegram | 2025-06-04 12:47:21 | Début traitement | t0=1749041248.4522097
2025-06-04 14:47:28,499 | INFO | Message reçu mais non reconnu comme signal exploitable (symbole, type, TP, SL nécessaires).
2025-06-04 14:47:28,499 | INFO | Signal parsé | 2025-06-04 12:47:21 | t1=1749041248.4999087 | delta=0.048s
2025-06-04 14:47:28,499 | INFO | [2025-06-04 12:47:21] Message non reconnu comme signal : (Ceci est un témoignage et pas un signal ☝🏻)
2025-06-04 14:47:28,499 | INFO | Signal reçu | Telegram | 2025-06-04 12:47:04 | Début traitement | t0=1749041248.4522097
2025-06-04 14:47:28,499 | INFO | Message reçu mais non reconnu comme signal exploitable (symbole, type, TP, SL nécessaires).
2025-06-04 14:47:28,499 | INFO | Signal parsé | 2025-06-04 12:47:04 | t1=1749041248.4999087 | delta=0.048s
2025-06-04 14:47:28,499 | INFO | [2025-06-04 12:47:04] Message non reconnu comme signal : +80 pips en cours 🔥
2025-06-04 14:47:57,231 | INFO | Signal reçu | Telegram | 2025-06-04 12:47:57 | Début traitement | t0=1749041277.1837304
2025-06-04 14:47:57,231 | INFO | Message reçu mais non reconnu comme signal exploitable (symbole, type, TP, SL nécessaires).
2025-06-04 14:47:57,231 | INFO | Signal parsé | 2025-06-04 12:47:57 | t1=1749041277.231502 | delta=0.048s
2025-06-04 14:47:57,231 | INFO | [2025-06-04 12:47:57] Message non reconnu comme signal : Arrêtez de perdre le temps les amis vous ratez beaucoup ! ☝🏻
2025-06-04 14:50:03,623 | INFO | Signal reçu | Telegram | 2025-06-04 12:50:03 | Début traitement | t0=1749041403.4957879
2025-06-04 14:50:03,623 | INFO | Message reçu mais non reconnu comme signal exploitable (symbole, type, TP, SL nécessaires).
2025-06-04 14:50:03,623 | INFO | Signal parsé | 2025-06-04 12:50:03 | t1=1749041403.623687 | delta=0.128s
2025-06-04 14:50:03,623 | INFO | [2025-06-04 12:50:03] Message non reconnu comme signal : Let’s goo 🔥 +110 pips en cours
2025-06-04 14:50:29,295 | INFO | Signal reçu | Telegram | 2025-06-04 12:50:11 | Début traitement | t0=1749041429.2478783
2025-06-04 14:50:29,295 | INFO | Message reçu mais non reconnu comme signal exploitable (symbole, type, TP, SL nécessaires).
2025-06-04 14:50:29,295 | INFO | Signal parsé | 2025-06-04 12:50:11 | t1=1749041429.2952898 | delta=0.047s
2025-06-04 14:50:29,295 | INFO | [2025-06-04 12:50:11] Message non reconnu comme signal : Let’s goo 🔥 +110 pips en cours 🥳
2025-06-04 14:50:29,295 | INFO | Signal reçu | Telegram | 2025-06-04 12:50:29 | Début traitement | t0=1749041429.2478783
2025-06-04 14:50:29,295 | INFO | Message reçu mais non reconnu comme signal exploitable (symbole, type, TP, SL nécessaires).
2025-06-04 14:50:29,295 | INFO | Signal parsé | 2025-06-04 12:50:29 | t1=1749041429.2952898 | delta=0.047s
2025-06-04 14:50:29,295 | INFO | [2025-06-04 12:50:29] Message non reconnu comme signal : Montrez moi vos profits 🔥 @FXBDARIJA
2025-06-04 15:01:57,374 | INFO | Signal reçu | Telegram | 2025-06-04 13:01:43 | Début traitement | t0=1749042117.3267298
2025-06-04 15:01:57,374 | INFO | Message reçu mais non reconnu comme signal exploitable (symbole, type, TP, SL nécessaires).
2025-06-04 15:01:57,374 | INFO | Signal parsé | 2025-06-04 13:01:43 | t1=1749042117.3744755 | delta=0.048s
2025-06-04 15:01:57,374 | INFO | [2025-06-04 13:01:43] Message non reconnu comme signal : 
2025-06-04 15:01:57,389 | INFO | Signal reçu | Telegram | 2025-06-04 13:01:43 | Début traitement | t0=1749042117.3267298
2025-06-04 15:01:57,389 | INFO | Message reçu mais non reconnu comme signal exploitable (symbole, type, TP, SL nécessaires).
2025-06-04 15:01:57,389 | INFO | Signal parsé | 2025-06-04 13:01:43 | t1=1749042117.3899858 | delta=0.063s
2025-06-04 15:01:57,389 | INFO | [2025-06-04 13:01:43] Message non reconnu comme signal : 
2025-06-04 15:01:57,389 | INFO | Signal reçu | Telegram | 2025-06-04 13:01:47 | Début traitement | t0=1749042117.3267298
2025-06-04 15:01:57,389 | INFO | Message reçu mais non reconnu comme signal exploitable (symbole, type, TP, SL nécessaires).
2025-06-04 15:01:57,389 | INFO | Signal parsé | 2025-06-04 13:01:47 | t1=1749042117.3899858 | delta=0.063s
2025-06-04 15:01:57,389 | INFO | [2025-06-04 13:01:47] Message non reconnu comme signal : الله يرحم بها الوالدين اخويا إسماعيل 🤍🤍🤍
